playerID,allStarCount,awardsCount,totalGames,totalHomeRuns,totalHits,totalPitchingStrikeOuts,totalPitchWins,totalFielderPutouts,postHomeRuns,postHits,postPitchingStrikeOuts,postTotalWins,postFielderPutouts,class
adamsba01,0,2,482,3,216,1036,194,58,0,0,11,3,0,False
altroni01,0,0,229,2,97,425,83,181,0,1,5,1,6,False
bendech01,0,3,509,6,243,1711,212,237,0,3,59,6,3,True
alexape01,0,21,703,11,378,2198,373,189,0,1,29,3,2,True
allenjo02,1,4,365,4,124,1070,142,104,0,0,0,0,0,False
blackew01,6,3,237,1,77,839,82,46,0,0,4,0,0,False
alexado01,1,0,562,0,44,1528,194,264,0,0,16,0,2,False
alouma01,2,1,1667,31,1777,3,0,3794,0,16,NULL,NULL,27,False
bahnsst01,0,1,575,1,56,1359,146,154,0,0,1,0,0,False
bandosa01,4,2,2019,242,1790,0,0,1788,5,39,NULL,NULL,40,False
barrji01,0,0,481,1,83,741,101,148,0,0,2,0,0,False
billija01,1,0,476,0,62,1141,145,133,0,0,32,2,3,False
blassst01,1,0,295,1,94,896,103,137,0,0,29,3,4,False
bluevi01,6,6,508,4,53,2175,209,127,0,0,47,1,3,False
blylebe01,2,0,699,0,59,3701,287,287,0,1,36,5,2,True
bolinbo01,0,0,496,6,69,1175,88,87,0,0,2,0,0,False
bailobo01,0,0,955,9,775,0,0,1493,0,0,NULL,NULL,0,False
bedrost01,1,3,732,0,15,921,76,64,0,0,10,0,0,False
bibbyji01,1,1,341,5,31,1079,111,88,0,0,15,0,1,False
boddimi01,1,3,347,0,0,1330,134,245,0,0,29,2,1,False
boggswa01,12,17,2440,118,3010,2,0,2115,2,42,NULL,NULL,31,True
aguilri01,3,0,737,3,28,1030,86,99,0,0,17,2,1,False
archeji01,0,9,850,16,660,NULL,NULL,3861,0,2,NULL,NULL,31,False
bakerfr01,0,7,1575,96,1838,NULL,NULL,2154,3,33,NULL,NULL,36,True
barryja01,0,2,1225,10,1009,NULL,NULL,2226,0,21,NULL,NULL,40,False
beaumgi01,0,0,1465,39,1759,NULL,NULL,2860,0,9,NULL,NULL,21,False
bancrda01,0,8,1913,32,2004,NULL,NULL,4673,0,16,NULL,NULL,49,True
bigbeca01,0,2,1148,17,1205,NULL,NULL,2375,0,1,NULL,NULL,0,False
adamssp01,0,0,1424,9,1588,NULL,NULL,2287,0,4,NULL,NULL,4,False
bartedi01,2,2,2016,79,2165,NULL,NULL,4425,1,20,NULL,NULL,33,False
bergewa01,4,5,1350,242,1550,NULL,NULL,3430,0,0,NULL,NULL,8,False
bishoma01,0,0,1340,41,1216,NULL,NULL,2923,0,12,NULL,NULL,29,False
bladera01,0,0,767,50,726,NULL,NULL,1339,0,1,NULL,NULL,10,False
bluegos01,1,2,1867,43,1751,NULL,NULL,2278,0,12,NULL,NULL,12,False
boleyjo01,0,0,540,7,478,NULL,NULL,919,0,6,NULL,NULL,13,False
aaronha01,24,16,3298,755,3771,NULL,NULL,7436,6,25,NULL,NULL,31,True
adcocjo01,2,0,1959,336,1832,NULL,NULL,13678,0,7,NULL,NULL,61,False
aloufe01,3,1,2082,206,2101,NULL,NULL,6537,0,7,NULL,NULL,9,False
aparilu01,15,15,2601,83,2677,NULL,NULL,4548,0,12,NULL,NULL,19,True
ashburi01,5,0,2189,29,2574,NULL,NULL,6094,0,3,NULL,NULL,9,True
avilabo01,3,1,1300,80,1296,NULL,NULL,2872,0,2,NULL,NULL,12,False
bauerha01,3,0,1544,164,1424,NULL,NULL,2384,7,46,NULL,NULL,80,False
berrayo01,18,13,2120,358,2150,NULL,NULL,9221,12,71,NULL,NULL,442,True
ageeto01,2,3,1130,130,999,NULL,NULL,2371,3,8,NULL,NULL,28,False
allendi01,7,5,1749,351,1848,NULL,NULL,7658,0,2,NULL,NULL,28,False
alleyge01,2,4,1195,55,999,NULL,NULL,1879,0,1,NULL,NULL,17,False
alouje01,0,0,1380,32,1216,NULL,NULL,1693,0,6,NULL,NULL,5,False
bakerdu01,2,5,2039,242,1981,NULL,NULL,4073,5,42,NULL,NULL,76,False
baylodo01,1,9,2292,338,2135,NULL,NULL,2716,4,33,NULL,NULL,20,False
belanma01,1,9,2016,20,1316,NULL,NULL,3040,1,23,NULL,NULL,62,False
benchjo01,14,26,2158,389,2048,NULL,NULL,10469,10,45,NULL,NULL,265,True
blairpa01,2,10,1947,134,1513,NULL,NULL,4347,3,38,NULL,NULL,88,False
bondsbo01,3,7,1849,332,1886,NULL,NULL,3659,0,2,NULL,NULL,3,False
baineha01,6,4,2830,384,2866,NULL,NULL,2031,5,33,NULL,NULL,6,True
bellge02,3,8,1587,265,1702,NULL,NULL,2294,1,13,NULL,NULL,16,False
bresnro01,0,5,1447,26,1252,15,4,5138,0,5,NULL,NULL,27,True
brownmo01,0,4,496,2,235,1375,239,173,0,2,35,5,2,True
bridgto01,6,6,424,0,181,1674,194,144,0,2,27,4,1,False
brechha01,2,5,321,2,129,901,133,78,0,1,18,4,1,False
breweji01,1,0,586,0,21,810,69,30,0,0,3,0,0,False
boutoji01,1,0,307,0,35,720,62,112,0,1,11,2,5,False
brilene01,0,0,452,3,72,1163,129,131,0,1,16,2,1,False
camniho01,0,1,326,1,92,915,133,63,0,0,2,0,0,False
bushjo01,0,2,583,7,313,1319,195,213,0,5,18,2,3,False
cadorle01,0,0,193,5,92,445,68,57,0,0,1,0,1,False
bushgu01,0,0,544,0,143,850,176,138,0,0,6,1,0,False
chapmbe01,4,0,1717,90,1958,65,8,3742,0,5,NULL,NULL,6,False
chandsp01,4,7,211,9,110,614,109,106,0,2,16,2,2,False
burdele01,3,2,666,12,185,1074,203,245,1,1,25,4,2,False
caldwmi01,0,0,477,0,34,939,137,116,0,0,12,2,4,False
campabe01,6,3,2328,79,2249,1,0,3789,3,35,NULL,NULL,51,True
carltst01,10,17,745,13,346,4136,329,109,1,6,84,6,3,True
carrocl02,2,1,731,1,27,681,96,60,0,0,22,4,3,False
campbbi02,1,4,700,0,4,864,83,119,0,0,7,0,1,False
candejo01,1,0,603,1,104,1673,177,58,0,1,29,2,0,False
clemero02,11,22,709,0,31,4672,354,320,0,2,173,12,9,False
bottoji01,0,4,1991,219,2313,NULL,NULL,18337,1,18,NULL,NULL,233,True
boudrlo01,8,11,1646,68,1779,NULL,NULL,3265,0,6,NULL,NULL,11,True
boyercl02,0,1,1725,162,1396,NULL,NULL,1902,2,21,NULL,NULL,27,False
boyerke01,13,14,2034,282,2143,NULL,NULL,2376,2,6,NULL,NULL,9,True
bowala01,5,4,2247,15,2191,NULL,NULL,3323,0,30,NULL,NULL,36,False
brocklo01,6,7,2616,149,3023,NULL,NULL,4394,4,34,NULL,NULL,35,True
brownla01,0,0,1129,47,803,NULL,NULL,1665,0,0,NULL,NULL,0,False
boonebo01,4,8,2264,105,1838,NULL,NULL,11325,2,33,NULL,NULL,186,False
brettge01,13,14,2707,317,3154,NULL,NULL,5503,10,56,NULL,NULL,37,True
bushdo01,0,4,1948,9,1804,NULL,NULL,4119,0,7,NULL,NULL,9,False
carribi02,0,3,712,6,506,NULL,NULL,3093,0,2,NULL,NULL,21,False
chancfr01,0,2,1290,20,1274,NULL,NULL,10545,0,21,NULL,NULL,222,True
clarkfr01,0,6,2246,67,2678,NULL,NULL,4812,2,13,NULL,NULL,37,True
burnsge01,0,4,1853,41,2077,NULL,NULL,3918,0,19,NULL,NULL,34,False
burnsge02,0,4,1869,72,2018,NULL,NULL,16970,0,3,NULL,NULL,38,False
careyma01,0,5,2466,70,2665,NULL,NULL,6363,0,11,NULL,NULL,14,True
camildo01,2,5,1489,239,1482,NULL,NULL,13724,0,3,NULL,NULL,45,False
cavarph01,4,5,2030,95,1977,NULL,NULL,12435,1,20,NULL,NULL,134,False
brutobi01,0,0,1610,94,1651,NULL,NULL,3905,1,7,NULL,NULL,12,False
burgesm01,9,1,1692,126,1318,NULL,NULL,5214,0,6,NULL,NULL,27,False
camparo01,8,10,1215,242,1161,NULL,NULL,6520,4,27,NULL,NULL,209,True
cashno01,5,2,2089,377,1820,NULL,NULL,15173,2,14,NULL,NULL,96,False
cepedor01,13,7,2124,379,2351,NULL,NULL,14829,3,18,NULL,NULL,167,True
clemero01,17,21,2433,240,3000,NULL,NULL,4697,3,34,NULL,NULL,63,True
bucknbi01,1,0,2517,174,2715,NULL,NULL,15126,1,20,NULL,NULL,118,False
bumbral01,1,2,1496,54,1422,NULL,NULL,2975,0,9,NULL,NULL,43,False
cardejo02,0,0,2017,138,1913,NULL,NULL,3964,0,3,NULL,NULL,29,False
cardele01,5,2,1941,118,1725,NULL,NULL,3271,0,5,NULL,NULL,20,False
carewro01,18,14,2469,92,3053,NULL,NULL,13510,0,11,NULL,NULL,82,True
cartyri01,1,0,1651,204,1677,NULL,NULL,1846,0,3,NULL,NULL,2,False
cashda01,3,0,1422,21,1571,NULL,NULL,3228,0,21,NULL,NULL,50,False
cedence01,4,9,2006,199,2087,NULL,NULL,5984,0,9,NULL,NULL,57,False
ceyro01,6,3,2073,316,1868,NULL,NULL,1555,7,42,NULL,NULL,34,False
chambch01,1,3,2175,185,2109,NULL,NULL,17771,3,32,NULL,NULL,243,False
burleri01,4,4,1346,50,1401,NULL,NULL,2349,0,14,NULL,NULL,16,False
butlebr01,1,2,2213,54,2375,NULL,NULL,5296,0,12,NULL,NULL,25,False
cartega01,11,17,2296,324,2092,NULL,NULL,12490,4,33,NULL,NULL,207,True
clarkja01,4,4,1994,340,1826,NULL,NULL,7127,1,14,NULL,NULL,108,False
davisge01,0,0,2373,73,2665,4,0,5232,0,5,NULL,NULL,7,True
coaklan01,0,0,150,0,42,428,58,45,0,0,2,0,0,False
cobbty01,0,31,3034,117,4189,0,0,6507,0,17,NULL,NULL,21,True
coombja01,0,3,466,4,261,1052,158,258,0,8,34,5,2,False
cranddo01,0,0,502,9,253,606,102,195,0,1,6,1,0,False
covelst01,0,3,451,1,168,981,215,174,0,1,11,3,2,True
cramedo01,5,2,2238,37,2705,1,0,5413,0,12,NULL,NULL,21,False
crowdal01,1,5,403,0,164,799,167,56,0,2,14,1,2,False
deandi01,4,14,325,8,161,1163,150,76,0,5,19,2,2,True
coopemo01,4,11,297,6,127,913,128,50,0,1,35,2,0,False
daviscu01,2,2,449,11,165,684,158,146,0,0,1,0,1,False
craigro01,0,0,368,0,38,803,74,120,0,1,25,2,1,False
cuellmi01,4,3,456,7,76,1632,185,108,1,4,56,4,1,True
darkal01,3,4,1828,126,2089,0,0,3174,1,21,NULL,NULL,24,False
conceda01,9,11,2488,101,2326,1,0,4245,2,30,NULL,NULL,36,False
davalvi01,1,1,1458,36,1122,0,0,2389,0,10,NULL,NULL,26,False
darliro01,1,1,402,2,76,1590,136,177,0,0,27,1,3,False
dinnebi01,0,0,420,1,219,1127,170,160,0,2,28,3,2,False
donlimi01,0,3,1051,51,1282,6,0,2416,0,5,NULL,NULL,16,False
donovbi01,0,1,467,7,251,1552,185,385,0,0,33,1,3,False
derripa01,6,9,579,2,220,1507,223,153,0,1,30,2,2,False
drysddo01,9,4,547,29,218,2486,209,188,0,0,36,3,2,True
dempsri01,0,2,1766,96,1093,0,0,7402,1,20,NULL,NULL,124,False
dobsopa01,1,0,414,0,39,1301,122,142,0,0,6,0,1,False
downial01,1,0,409,2,91,1639,123,72,0,0,14,0,0,False
dennyjo01,0,3,326,0,97,1146,123,179,0,1,12,1,3,False
crossla01,0,0,2277,47,2651,NULL,NULL,4262,0,2,NULL,NULL,6,False
collied01,0,29,2825,47,3315,NULL,NULL,6621,0,42,NULL,NULL,88,True
colliji01,0,0,1726,65,1999,NULL,NULL,2434,0,9,NULL,NULL,9,True
cravaga01,0,2,1226,119,1134,NULL,NULL,1681,0,2,NULL,NULL,5,False
crawfsa01,0,5,2517,97,2961,NULL,NULL,5102,1,17,NULL,NULL,39,True
crigelo01,0,1,1014,11,709,NULL,NULL,4456,0,6,NULL,NULL,54,False
dahlebi01,0,0,2446,84,2461,NULL,NULL,5359,0,0,NULL,NULL,10,False
davisha01,0,0,1757,75,1841,NULL,NULL,15866,0,15,NULL,NULL,149,False
collish01,0,0,1803,22,1687,NULL,NULL,5959,0,10,NULL,NULL,9,False
daubeja01,0,13,2014,56,2326,NULL,NULL,19634,0,10,NULL,NULL,122,False
cochrmi01,2,28,1482,119,1652,NULL,NULL,6414,2,27,NULL,NULL,207,True
combsea01,0,1,1456,58,1866,NULL,NULL,3449,1,21,NULL,NULL,43,True
critzhu01,0,0,1478,38,1591,NULL,NULL,3451,0,3,NULL,NULL,16,False
cronijo01,7,20,2124,170,2285,NULL,NULL,4303,0,7,NULL,NULL,7,True
cuyleki01,1,9,1879,128,2299,NULL,NULL,4034,2,18,NULL,NULL,25,True
coopewa01,8,6,1473,173,1341,NULL,NULL,5166,0,18,NULL,NULL,107,False
coxbi02,0,0,1058,66,974,NULL,NULL,1297,1,16,NULL,NULL,11,False
crosefr01,2,0,1683,98,1541,NULL,NULL,3202,1,20,NULL,NULL,60,False
danniha01,4,5,890,57,847,NULL,NULL,3259,0,3,NULL,NULL,23,False
crandde01,13,7,1573,179,1276,NULL,NULL,7449,2,10,NULL,NULL,64,False
davisto02,5,3,1999,153,2121,NULL,NULL,2429,0,21,NULL,NULL,17,False
coopece01,5,10,1896,241,2192,NULL,NULL,13361,1,20,NULL,NULL,220,False
crowlte01,0,0,865,42,379,NULL,NULL,634,0,3,NULL,NULL,1,False
cruzjo01,2,3,2353,165,2251,NULL,NULL,4413,0,17,NULL,NULL,45,False
daviswi02,2,4,2429,182,2561,NULL,NULL,5449,0,10,NULL,NULL,23,False
dauerri01,0,0,1140,43,984,NULL,NULL,2115,1,11,NULL,NULL,41,False
dawsoan01,8,20,2627,438,2774,NULL,NULL,5158,0,11,NULL,NULL,28,True
decindo01,1,2,1649,237,1505,NULL,NULL,1483,2,24,NULL,NULL,26,False
colemvi01,2,1,1371,28,1425,NULL,NULL,2452,1,22,NULL,NULL,53,False
doughpa01,0,0,1233,17,1294,NULL,NULL,1780,2,10,NULL,NULL,17,False
doylela01,0,3,1767,74,1887,NULL,NULL,3635,1,18,NULL,NULL,41,False
duganjo01,0,5,1448,42,1516,NULL,NULL,1906,1,24,NULL,NULL,25,False
dickebi01,11,20,1789,202,1969,NULL,NULL,7965,5,37,NULL,NULL,223,True
durocle01,3,0,1637,24,1320,NULL,NULL,3275,0,7,NULL,NULL,14,True
dimagdo01,7,2,1399,87,1680,NULL,NULL,3859,0,7,NULL,NULL,20,False
dimagjo01,13,36,1736,361,2214,NULL,NULL,4529,8,54,NULL,NULL,150,True
doerrbo01,9,8,1865,223,2042,NULL,NULL,4928,1,9,NULL,NULL,17,True
dobyla01,7,1,1533,253,1515,NULL,NULL,3640,1,9,NULL,NULL,18,True
dentbu01,3,2,1392,40,1114,NULL,NULL,2122,0,23,NULL,NULL,31,False
downibr01,1,0,2344,275,2099,NULL,NULL,4881,1,12,NULL,NULL,51,False
freembu01,0,0,1126,82,1235,28,3,3624,0,9,NULL,NULL,10,False
ehmkeho01,0,1,429,0,210,1030,166,143,0,1,13,1,0,False
faberre01,0,2,670,3,170,1471,254,130,0,1,9,3,1,True
dykesji01,2,1,2283,108,2256,0,0,4901,1,17,NULL,NULL,15,False
earnsge01,0,6,319,3,162,1002,127,71,0,0,56,4,2,False
fitzsfr01,0,1,513,14,231,870,217,237,0,3,9,0,1,False
foxxji01,9,22,2317,534,2646,11,1,17797,4,22,NULL,NULL,159,True
frencla01,1,1,570,1,199,1187,197,124,0,1,10,0,1,False
gelbech01,0,0,876,17,766,1,0,1580,0,12,NULL,NULL,18,False
fellebo01,8,18,570,8,193,2581,266,146,0,0,7,0,2,True
erskica01,1,0,360,1,92,981,122,105,0,1,31,2,2,False
facero01,6,1,853,0,31,877,104,104,0,0,4,0,0,False
fordwh01,10,10,500,3,177,1956,236,173,0,4,94,10,11,True
garcimi01,3,0,428,2,127,1117,142,134,0,0,4,0,0,False
gibsobo01,8,19,597,24,274,3117,251,291,2,4,92,7,5,True
ellisdo01,1,0,388,0,65,1136,138,173,0,0,14,2,2,False
fingero01,7,11,945,2,31,1299,114,108,0,1,45,4,1,True
forscke01,2,0,521,0,52,1047,114,134,0,2,6,0,1,False
frymawo01,2,0,625,2,84,1587,141,97,0,0,9,0,0,False
eckerde01,6,9,1073,3,24,2401,197,208,0,0,22,1,3,True
fernasi01,2,0,308,1,98,1743,114,25,0,0,20,0,0,False
flanami01,1,3,529,0,0,1491,167,89,0,0,20,3,2,False
forscbo01,0,2,509,12,190,1133,168,234,0,2,19,3,3,False
finlech01,5,2,524,0,3,2610,200,122,0,0,19,1,1,False
gomezle01,7,11,368,0,133,1468,189,56,0,3,31,6,1,True
giustda01,1,1,686,4,77,1103,100,134,0,0,13,0,3,False
goltzda01,0,0,356,0,10,1105,113,152,0,0,4,0,0,False
eversjo01,0,7,1784,12,1659,NULL,NULL,3806,0,24,NULL,NULL,37,True
fletcar01,0,0,1537,32,1534,NULL,NULL,2917,0,18,NULL,NULL,44,False
friscfr01,3,15,2311,105,2880,NULL,NULL,4918,0,58,NULL,NULL,117,True
gehrich01,6,24,2323,184,2839,NULL,NULL,5446,1,26,NULL,NULL,50,True
gehrilo01,7,25,2164,493,2721,NULL,NULL,19525,10,43,NULL,NULL,309,True
elliobo01,7,8,1978,170,2061,NULL,NULL,2519,2,7,NULL,NULL,11,False
galanau01,3,0,1742,100,1706,NULL,NULL,3977,0,4,NULL,NULL,13,False
ennisde01,3,1,1903,288,2063,NULL,NULL,3629,0,2,NULL,NULL,9,False
fairlro01,2,0,2442,215,1913,NULL,NULL,10769,2,12,NULL,NULL,16,False
floodcu01,3,8,1759,85,1861,NULL,NULL,4023,0,19,NULL,NULL,40,False
foxne01,15,9,2367,35,2663,NULL,NULL,6102,0,9,NULL,NULL,14,True
furilca01,2,3,1806,192,1910,NULL,NULL,3322,2,34,NULL,NULL,54,False
gilliji01,2,2,1956,65,1889,NULL,NULL,3220,2,31,NULL,NULL,55,False
edwarjo01,3,3,1470,81,1106,NULL,NULL,8925,0,4,NULL,NULL,18,False
evansda01,2,1,2687,414,2223,NULL,NULL,7964,0,9,NULL,NULL,83,False
evansdw01,3,13,2606,385,2446,NULL,NULL,5450,4,27,NULL,NULL,69,False
fergujo01,0,0,1013,122,719,NULL,NULL,4253,1,7,NULL,NULL,35,False
fiskca01,11,10,2499,376,2356,NULL,NULL,11612,2,14,NULL,NULL,79,True
fostege01,5,9,1977,348,1925,NULL,NULL,3809,3,22,NULL,NULL,47,False
freehbi01,11,9,1774,200,1591,NULL,NULL,11235,1,5,NULL,NULL,69,False
gamblos01,0,0,1584,200,1195,NULL,NULL,1412,2,12,NULL,NULL,16,False
garvest01,10,15,2332,272,2599,NULL,NULL,19004,11,75,NULL,NULL,485,True
geronce01,0,4,1522,51,977,NULL,NULL,2901,3,20,NULL,NULL,97,False
garneph01,3,0,1860,109,1594,NULL,NULL,2746,1,21,NULL,NULL,40,False
gibsoki01,0,3,1635,255,1553,NULL,NULL,2523,7,22,NULL,NULL,40,False
dykstle01,3,2,1278,81,1298,NULL,NULL,3108,10,36,NULL,NULL,64,False
fernato01,5,5,2158,94,2276,NULL,NULL,3214,1,49,NULL,NULL,77,False
fieldce01,3,6,1470,319,1313,NULL,NULL,7382,3,18,NULL,NULL,21,False
grimebu01,0,11,632,2,380,1512,270,225,0,6,28,3,1,True
hoopeha01,0,1,2311,75,2466,0,0,3981,2,27,NULL,NULL,43,True
grovele01,6,26,619,15,202,2266,300,65,0,0,36,4,0,True
haineje01,0,2,560,3,209,981,210,108,1,4,12,3,0,True
hallabi01,1,2,328,2,90,856,102,67,0,0,27,3,2,False
gromest01,1,1,470,0,124,904,123,126,0,0,2,1,1,False
grantmu01,2,2,667,6,135,1267,145,162,1,2,14,2,0,False
grissma01,1,0,356,0,23,459,47,28,0,0,2,1,0,False
haddiha01,3,3,531,4,169,1575,136,115,0,1,6,2,1,False
hearnji01,1,0,403,9,77,669,109,106,0,0,1,1,0,False
gossari01,9,3,1003,0,9,1502,124,78,0,0,29,2,0,True
grimsro02,1,0,346,0,45,750,124,60,0,2,12,3,1,False
gurala01,1,0,405,0,3,801,126,107,0,0,19,2,3,False
hillejo01,1,2,546,0,11,1036,87,45,0,0,2,1,1,False
hoernjo01,1,0,493,1,6,412,39,19,0,1,3,0,0,False
holtzke01,2,1,456,2,99,1601,174,117,1,4,39,6,3,False
hootobu01,1,1,481,4,92,1491,151,165,0,1,33,6,4,False
grossgr01,0,0,1809,7,1073,3,0,1882,0,3,NULL,NULL,13,False
guidrro01,4,13,380,0,0,1778,170,107,0,0,51,5,3,False
gullibi01,0,0,398,3,81,1279,162,185,0,0,15,1,0,False
henketo01,2,1,642,0,0,861,41,43,0,0,15,2,1,False
hernawi01,3,4,747,0,13,788,70,58,0,0,7,0,1,False
hershor01,3,10,521,0,163,2014,204,332,0,5,97,8,12,False
honeyri01,2,0,801,0,24,1038,109,99,0,0,17,3,1,False
goodedw01,4,6,434,8,145,2293,194,224,0,2,49,0,6,False
herzobu01,0,2,1495,20,1370,NULL,NULL,2804,0,23,NULL,NULL,35,False
gonzami01,0,0,1044,13,717,NULL,NULL,3626,0,0,NULL,NULL,2,False
gowdyha01,0,1,1049,21,738,NULL,NULL,3577,1,13,NULL,NULL,75,False
grimmch01,0,2,2166,79,2299,NULL,NULL,20722,1,12,NULL,NULL,68,False
grohhe01,0,8,1676,26,1774,NULL,NULL,2172,0,19,NULL,NULL,18,False
hornsro01,0,27,2259,301,2930,NULL,NULL,4495,0,12,NULL,NULL,24,True
gosligo01,1,4,2287,248,2735,NULL,NULL,4805,7,37,NULL,NULL,71,True
grantge01,0,0,1445,105,1508,NULL,NULL,6611,0,6,NULL,NULL,47,False
greenha01,5,12,1394,331,1628,NULL,NULL,11023,5,27,NULL,NULL,97,True
haasmu01,0,0,1168,43,1257,NULL,NULL,2862,2,10,NULL,NULL,33,False
hafeych01,1,4,1283,164,1466,NULL,NULL,2527,0,18,NULL,NULL,45,True
harribu01,0,0,1262,9,1297,NULL,NULL,3415,2,13,NULL,NULL,50,True
hartnga01,6,16,1991,236,1912,NULL,NULL,7577,2,13,NULL,NULL,79,True
hermabi01,11,9,1922,47,2345,NULL,NULL,5084,1,16,NULL,NULL,29,True
higgipi01,3,5,1802,140,1941,NULL,NULL,1849,1,13,NULL,NULL,10,False
gordojo01,9,21,1566,253,1530,NULL,NULL,3826,4,25,NULL,NULL,70,True
hackst01,5,6,1938,57,2193,NULL,NULL,2311,0,24,NULL,NULL,21,False
heganji01,5,0,1666,92,1087,NULL,NULL,7506,1,6,NULL,NULL,52,False
henrito01,5,5,1284,183,1297,NULL,NULL,3518,4,22,NULL,NULL,71,False
hodgegi01,8,5,2072,370,1921,NULL,NULL,15722,5,35,NULL,NULL,326,True
holmeto01,2,4,1320,88,1507,NULL,NULL,2823,0,5,NULL,NULL,12,False
groatdi01,10,5,1929,39,2138,NULL,NULL,3526,0,11,NULL,NULL,23,False
grichbo01,6,8,2008,224,1833,NULL,NULL,4882,3,16,NULL,NULL,72,False
groteje01,2,0,1421,39,1092,NULL,NULL,8103,0,18,NULL,NULL,168,False
harrebu01,2,2,1533,7,1120,NULL,NULL,2502,0,14,NULL,NULL,41,False
hebneri01,0,0,1908,203,1694,NULL,NULL,4308,4,27,NULL,NULL,68,False
helmsto01,2,4,1435,34,1342,NULL,NULL,2909,0,7,NULL,NULL,21,False
hendrge01,4,4,2048,267,1980,NULL,NULL,4758,0,17,NULL,NULL,44,False
hortowi01,4,2,2028,325,1993,NULL,NULL,1921,1,8,NULL,NULL,11,False
griffke01,3,2,2097,152,2143,NULL,NULL,4578,0,18,NULL,NULL,32,False
guerrpe01,5,4,1536,215,1618,NULL,NULL,6007,4,20,NULL,NULL,40,False
gwynnto01,15,21,2440,135,3141,NULL,NULL,4512,1,33,NULL,NULL,38,True
hendeda01,1,0,1538,197,1324,NULL,NULL,3334,7,36,NULL,NULL,106,False
henderi01,10,9,3081,297,3055,NULL,NULL,6468,5,63,NULL,NULL,112,True
hernake01,5,20,2088,162,2182,NULL,NULL,17916,2,31,NULL,NULL,269,False
hornebo01,1,1,1020,218,1047,NULL,NULL,3641,0,1,NULL,NULL,1,False
greenmi01,2,2,1269,130,1400,NULL,NULL,2094,1,7,NULL,NULL,15,False
hoytwa01,0,3,674,0,255,1206,237,153,0,4,49,6,0,True
hubbeca01,9,22,535,4,246,1677,253,155,0,4,32,4,3,True
houttar01,1,1,330,2,99,639,87,105,0,0,1,0,0,False
houghch01,1,0,858,1,33,2362,216,235,0,0,20,0,2,False
hraboal01,0,1,546,0,8,548,64,20,0,0,2,0,0,False
hutchfr01,1,0,354,4,171,591,95,112,0,0,1,0,0,False
hunteca01,8,3,515,6,149,2012,224,225,0,2,70,9,9,True
jacksgr01,1,0,718,2,32,889,86,55,0,0,11,3,0,False
hurstbr01,1,0,380,0,31,1689,145,98,0,0,37,3,2,False
jacksda02,2,2,356,0,54,1225,112,105,0,1,37,4,1,False
johnswa01,0,33,937,24,547,3509,417,292,0,2,35,3,1,True
kennebr01,0,0,414,1,334,799,187,123,0,1,3,0,0,False
jonessa01,0,0,714,6,245,1223,229,197,0,0,9,0,1,False
kellyge01,0,5,1623,148,1778,2,1,14690,1,25,NULL,NULL,261,True
kerrdi01,0,0,143,0,60,235,53,26,0,1,6,2,1,False
kremera01,0,3,309,5,122,516,143,37,0,2,10,2,2,False
kaatji01,3,19,1004,16,232,2461,283,262,0,2,10,1,5,True
koufasa01,7,22,397,2,75,2396,165,64,0,1,61,4,2,True
kuzavbo01,0,0,214,1,22,446,49,33,0,0,3,0,0,False
johnto01,4,3,761,5,141,2245,288,237,0,1,48,6,3,False
kingmda01,3,2,1941,442,1575,4,0,5835,0,1,NULL,NULL,5,False
kisonbr01,0,0,388,3,66,1073,115,140,0,0,27,5,1,False
knowlda01,1,0,766,0,15,681,66,51,0,0,5,0,0,False
koosmje01,2,0,612,2,109,2556,222,116,0,3,31,4,0,False
kneppbo01,2,0,449,6,115,1473,146,103,0,0,13,0,0,False
keyji01,4,5,471,0,0,1538,186,172,0,0,35,5,3,False
jacksjo01,0,11,1332,54,1772,NULL,NULL,2646,1,19,NULL,NULL,25,False
howarel01,11,7,1605,167,1471,NULL,NULL,7572,5,42,NULL,NULL,220,False
howarfr01,4,4,1895,382,1774,NULL,NULL,4412,1,3,NULL,NULL,4,False
irvinmo01,1,0,764,99,731,NULL,NULL,2084,0,13,NULL,NULL,25,True
jacksre01,14,13,2820,563,2584,NULL,NULL,4062,18,78,NULL,NULL,115,True
howear01,0,0,891,43,682,NULL,NULL,1763,1,6,NULL,NULL,35,False
jonesfi01,0,0,1788,21,1920,NULL,NULL,3584,0,3,NULL,NULL,9,False
klingjo01,0,4,1264,20,1154,NULL,NULL,5577,0,12,NULL,NULL,114,False
judgejo01,0,1,2173,71,2352,NULL,NULL,19265,1,14,NULL,NULL,121,False
killebi01,0,4,1036,4,751,NULL,NULL,4833,0,2,NULL,NULL,26,False
jackstr01,1,12,1657,135,1768,NULL,NULL,3174,0,10,NULL,NULL,13,True
jurgebi01,3,1,1816,43,1613,NULL,NULL,3369,0,11,NULL,NULL,38,False
kleinch01,2,11,1753,300,2076,NULL,NULL,3250,1,4,NULL,NULL,4,True
kuheljo01,0,0,2104,131,2212,NULL,NULL,19386,0,3,NULL,NULL,59,False
kellech01,5,3,1170,189,1085,NULL,NULL,2235,5,22,NULL,NULL,39,False
keltnke01,7,3,1526,163,1570,NULL,NULL,1577,0,2,NULL,NULL,3,False
kalinal01,18,20,2834,399,3007,NULL,NULL,5938,3,16,NULL,NULL,32,True
killeha01,13,8,2435,573,2086,NULL,NULL,8849,3,10,NULL,NULL,25,True
kluszte01,4,3,1718,279,1766,NULL,NULL,12652,3,9,NULL,NULL,58,True
kuennha01,10,2,1833,87,2092,NULL,NULL,3028,0,1,NULL,NULL,11,False
jacksso01,0,0,936,7,767,NULL,NULL,1392,0,0,NULL,NULL,0,False
javieju01,2,0,1622,78,1469,NULL,NULL,3393,1,18,NULL,NULL,27,False
johnsda02,4,5,1435,136,1252,NULL,NULL,3862,2,25,NULL,NULL,82,False
johnsde01,0,1,1765,245,1447,NULL,NULL,7038,0,4,NULL,NULL,8,False
jonescl01,1,1,1213,93,1196,NULL,NULL,2280,2,23,NULL,NULL,39,False
jorgemi01,0,1,1633,95,833,NULL,NULL,6983,0,0,NULL,NULL,1,False
kennejo03,0,0,856,32,475,NULL,NULL,886,0,1,NULL,NULL,0,False
koscoan01,0,0,658,73,464,NULL,NULL,1220,0,3,NULL,NULL,12,False
kraneed01,1,0,1853,118,1418,NULL,NULL,10840,1,5,NULL,NULL,29,False
johnsho01,2,3,1531,228,1229,NULL,NULL,1276,0,1,NULL,NULL,7,False
kennete02,4,1,1491,113,1313,NULL,NULL,6754,1,13,NULL,NULL,107,False
knighra01,2,3,1495,84,1311,NULL,NULL,3669,1,17,NULL,NULL,11,False
joynewa01,1,0,2033,204,2060,NULL,NULL,16081,2,13,NULL,NULL,121,False
leevesa01,0,0,389,2,183,847,194,84,0,0,2,0,0,False
lewisdu01,0,0,1459,38,1518,1,0,2657,1,20,NULL,NULL,33,False
luquedo01,0,2,559,5,237,1130,194,188,0,1,11,1,2,False
lemonbo01,7,9,615,37,274,1277,207,298,0,0,17,2,5,True
lopated01,1,0,357,5,187,859,166,100,0,4,19,4,3,False
larsedo01,0,2,480,14,144,849,81,95,0,1,24,4,2,False
lawve01,2,4,516,11,191,1092,162,213,0,2,8,2,0,False
leebi03,1,0,419,2,41,713,119,83,0,1,8,0,0,False
lolicmi01,3,2,592,0,90,2832,217,100,1,3,31,3,2,True
lonboji01,1,3,426,3,105,1475,157,189,0,0,14,2,1,False
lylesp01,3,2,899,0,15,873,99,54,0,0,9,3,1,False
leibrch01,0,0,394,0,32,1121,140,151,0,0,34,1,7,False
leonade01,0,1,313,0,0,1323,144,135,0,0,31,3,1,False
marquru01,0,1,536,1,198,1593,201,63,0,0,35,2,0,True
mathech01,0,15,647,7,362,2507,373,313,0,9,48,5,4,True
maysca01,0,3,502,5,291,862,207,174,0,2,17,3,0,False
marbefi01,0,0,551,1,128,822,148,92,0,0,12,0,1,False
martipe01,4,3,1189,59,1227,0,0,1692,1,23,NULL,NULL,17,False
maglisa01,2,1,304,2,76,862,119,96,0,0,20,1,0,False
malonji01,1,0,321,7,126,1605,134,101,0,0,1,0,0,False
maricju01,10,5,475,4,202,2303,243,291,0,0,10,0,3,True
marshmi01,2,5,725,1,35,880,97,105,0,0,11,0,0,False
matlajo01,3,2,362,0,57,1516,125,68,0,1,20,2,0,False
mayru01,0,0,536,0,42,1760,152,87,0,0,15,0,2,False
martide01,4,0,695,0,74,2149,245,319,0,0,18,2,3,False
leachto01,0,3,2156,63,2143,NULL,NULL,4008,0,18,NULL,NULL,25,False
lazzeto01,1,4,1740,178,1840,NULL,NULL,3688,4,28,NULL,NULL,57,True
lindsfr01,0,4,1439,103,1747,NULL,NULL,2177,0,13,NULL,NULL,15,True
lombaer01,8,4,1852,190,1792,NULL,NULL,5694,0,4,NULL,NULL,26,True
lavagco01,4,1,1043,40,945,NULL,NULL,1364,0,2,NULL,NULL,2,False
lockmwh01,1,0,1666,114,1658,NULL,NULL,8417,1,8,NULL,NULL,88,False
lollash01,9,4,1752,155,1415,NULL,NULL,7243,1,8,NULL,NULL,31,False
lanieha01,0,0,1196,8,843,NULL,NULL,2041,0,0,NULL,NULL,1,False
lopesda01,4,3,1812,155,1671,NULL,NULL,3558,6,43,NULL,NULL,116,False
lowenjo01,0,0,1368,116,881,NULL,NULL,1803,2,10,NULL,NULL,20,False
luzingr01,4,4,1821,307,1795,NULL,NULL,2120,5,20,NULL,NULL,21,False
lansfca01,1,3,1862,151,2074,NULL,NULL,2098,2,39,NULL,NULL,32,False
lemonch01,3,0,1988,215,1875,NULL,NULL,4998,2,10,NULL,NULL,36,False
leonaje01,2,1,1415,144,1342,NULL,NULL,2191,4,10,NULL,NULL,16,False
lynnfr01,9,12,1969,306,1960,NULL,NULL,4556,2,22,NULL,NULL,51,False
maranra01,0,7,2670,28,2605,NULL,NULL,6413,0,8,NULL,NULL,18,True
mancugu01,2,0,1460,53,1194,NULL,NULL,5613,0,9,NULL,NULL,95,False
manushe01,1,5,2009,110,2524,NULL,NULL,3842,0,2,NULL,NULL,10,True
marioma01,8,12,1572,36,1448,NULL,NULL,2987,1,18,NULL,NULL,39,False
mccorfr01,9,6,1534,128,1711,NULL,NULL,13803,0,13,NULL,NULL,96,False
mantlmi01,19,15,2401,536,2415,NULL,NULL,6734,18,59,NULL,NULL,125,True
marisro01,9,8,1463,275,1325,NULL,NULL,2649,6,33,NULL,NULL,80,True
martibi02,1,1,1022,64,877,NULL,NULL,2022,5,33,NULL,NULL,59,False
matheed01,12,4,2391,512,2315,NULL,NULL,2966,1,10,NULL,NULL,14,True
mayswi01,26,32,2992,660,3283,NULL,NULL,7752,1,22,NULL,NULL,52,True
mazerbi01,12,13,2163,138,2016,NULL,NULL,4976,2,10,NULL,NULL,18,True
mccarti01,2,1,1909,97,1501,NULL,NULL,8893,2,24,NULL,NULL,194,False
mccovwi01,6,10,2588,521,2211,NULL,NULL,17567,3,9,NULL,NULL,56,True
mcdougi01,6,3,1336,112,1291,NULL,NULL,2352,7,45,NULL,NULL,76,False
maxvida01,0,1,1423,6,748,NULL,NULL,1974,0,8,NULL,NULL,46,False
maybejo01,2,2,1620,255,1379,NULL,NULL,13169,2,6,NULL,NULL,77,False
mayle01,3,1,2071,354,2031,NULL,NULL,13029,2,10,NULL,NULL,82,True
mcauldi01,3,0,1763,197,1530,NULL,NULL,3267,2,10,NULL,NULL,24,False
maddoga01,0,9,1749,117,1802,NULL,NULL,4449,1,29,NULL,NULL,83,False
madlobi01,3,2,1806,163,2008,NULL,NULL,1694,4,20,NULL,NULL,10,False
matthga01,1,2,2033,234,2011,NULL,NULL,3226,7,21,NULL,NULL,36,False
mcbriba01,1,1,1071,63,1153,NULL,NULL,2163,3,21,NULL,NULL,37,False
mcginjo01,0,0,477,0,251,1068,246,218,0,0,6,1,0,True
mullige01,0,1,619,3,401,1482,228,236,0,4,36,3,1,False
meadole01,0,0,499,5,201,1063,188,84,0,0,10,0,0,False
moorete01,4,0,1298,80,1318,1,0,3126,0,9,NULL,NULL,33,False
murphjo04,3,0,415,0,46,378,93,77,0,1,8,2,1,False
mcmahdo02,1,0,874,0,23,1003,90,83,0,0,14,0,3,False
millebo04,0,0,707,0,33,895,69,106,0,0,7,0,2,False
millest01,2,2,716,0,49,1164,105,152,0,0,0,0,0,False
mcgratu01,2,1,826,1,39,1109,96,75,0,1,48,3,2,False
mclaide01,3,8,285,1,82,1282,131,154,0,0,13,1,0,False
mcnalda01,3,1,425,9,97,1512,184,97,2,4,65,7,1,False
medicdo01,0,0,314,0,5,955,124,114,0,0,0,0,0,False
messean01,4,3,353,5,124,1625,130,136,0,2,12,1,2,False
mcgresc01,1,0,357,0,0,904,138,119,0,0,26,3,2,False
morrija02,5,5,568,0,0,2478,254,387,0,0,64,7,12,True
nehfar01,0,1,464,8,192,844,184,144,0,4,28,4,1,False
musiast01,24,34,3026,475,3630,0,0,12439,1,22,NULL,NULL,92,True
newhoha01,7,19,492,2,201,1796,207,135,0,0,22,2,2,True
newcodo01,4,7,452,15,238,1129,149,159,0,0,19,0,1,False
newsobo01,4,3,609,1,253,2082,211,112,0,1,17,2,2,False
niekrjo01,1,2,706,1,152,1747,221,253,0,0,7,0,1,False
niekrph01,5,7,866,7,260,3342,318,386,0,0,9,0,1,True
nolanga01,1,1,252,1,73,1039,110,95,0,1,31,2,2,False
mcleala01,0,0,863,6,694,NULL,NULL,3346,0,6,NULL,NULL,14,False
mowremi01,0,0,1276,7,1099,NULL,NULL,1443,0,3,NULL,NULL,8,False
murphda02,0,0,1496,44,1563,NULL,NULL,2521,1,18,NULL,NULL,17,False
murrare01,0,0,1270,37,1170,NULL,NULL,1994,0,14,NULL,NULL,34,False
mcinnst01,0,5,2129,20,2405,NULL,NULL,20120,0,13,NULL,NULL,196,False
meuseir01,0,0,1290,106,1521,NULL,NULL,2421,3,24,NULL,NULL,29,False
milledo02,0,0,1591,32,1526,NULL,NULL,9170,0,7,NULL,NULL,17,False
meusebo01,0,0,1407,156,1693,NULL,NULL,2496,1,29,NULL,NULL,56,False
millebi02,0,0,1821,116,1934,NULL,NULL,3519,0,17,NULL,NULL,39,False
moorejo02,6,1,1335,79,1615,NULL,NULL,2501,1,20,NULL,NULL,36,False
myerbu01,2,0,1923,38,2131,NULL,NULL,4224,0,8,NULL,NULL,16,False
medwijo01,10,22,1984,205,2471,NULL,NULL,4152,1,15,NULL,NULL,17,True
miksied01,0,0,1042,44,722,NULL,NULL,1679,0,3,NULL,NULL,6,False
mizejo01,10,13,1883,359,2011,NULL,NULL,14862,3,12,NULL,NULL,65,True
moseswa01,2,2,2014,89,2138,NULL,NULL,4000,0,5,NULL,NULL,5,False
moonwa01,3,2,1458,142,1399,NULL,NULL,3133,1,6,NULL,NULL,10,False
mcraeha01,3,4,2084,191,2091,NULL,NULL,887,1,42,NULL,NULL,15,False
menkede01,2,0,1598,101,1270,NULL,NULL,3108,2,8,NULL,NULL,9,False
millafe01,3,2,1480,22,1617,NULL,NULL,3498,0,16,NULL,NULL,29,False
milnejo01,0,0,1215,131,855,NULL,NULL,4811,0,15,NULL,NULL,108,False
mondari01,2,0,1986,241,1619,NULL,NULL,3978,1,17,NULL,NULL,49,False
moneydo01,4,0,1720,176,1623,NULL,NULL,2697,0,5,NULL,NULL,1,False
morgajo02,10,17,2649,268,2517,NULL,NULL,5758,5,33,NULL,NULL,116,True
motama01,1,0,1536,31,1149,NULL,NULL,1481,0,3,NULL,NULL,1,False
munsoth01,7,10,1423,113,1558,NULL,NULL,6342,3,46,NULL,NULL,158,True
nettlgr01,6,6,2700,390,2225,NULL,NULL,2098,5,41,NULL,NULL,57,False
mcgeewi01,4,7,2201,79,2254,NULL,NULL,4295,4,53,NULL,NULL,127,False
molitpa01,7,13,2683,234,3319,NULL,NULL,3506,6,43,NULL,NULL,26,True
murphda05,7,19,2180,398,2111,NULL,NULL,6319,0,3,NULL,NULL,8,False
murraed02,8,9,3026,504,3255,NULL,NULL,21265,9,41,NULL,NULL,211,True
mitchke01,2,5,1223,234,1173,NULL,NULL,1676,4,23,NULL,NULL,32,False
ofarrbo01,0,4,1493,51,1120,NULL,NULL,4295,0,7,NULL,NULL,35,False
nichobi01,5,7,1678,235,1484,NULL,NULL,2954,0,6,NULL,NULL,9,False
northji01,0,0,1392,153,1254,NULL,NULL,2715,2,12,NULL,NULL,32,False
oglivbe01,3,2,1754,235,1615,NULL,NULL,3399,2,11,NULL,NULL,31,False
osteecl01,3,0,588,8,207,1612,196,159,0,1,7,1,3,False
olearch01,0,0,958,3,731,NULL,NULL,2102,0,5,NULL,NULL,20,False
oneilst01,0,9,1590,13,1259,NULL,NULL,5968,0,7,NULL,NULL,23,False
ottme01,12,11,2730,511,2876,NULL,NULL,4734,4,18,NULL,NULL,27,True
olivato01,8,9,1676,220,1917,NULL,NULL,2332,3,16,NULL,NULL,36,True
oliveal01,7,5,2368,219,2743,NULL,NULL,9040,3,21,NULL,NULL,69,False
otisam01,5,4,1998,193,2020,NULL,NULL,4940,3,23,NULL,NULL,63,False
appieke01,1,0,414,0,8,1994,169,202,0,0,23,0,0,False
beckro01,3,1,704,0,4,644,38,39,0,0,5,0,1,False
ankieri01,0,0,653,76,462,269,13,1119,1,2,5,0,5,False
arroybr01,1,1,436,6,81,1571,148,221,0,0,26,1,2,False
beckejo02,3,3,335,3,41,1901,138,132,0,2,99,7,5,False
benitar01,2,2,762,0,0,946,40,31,0,0,36,3,0,False
alomaro01,12,21,2379,210,2724,NULL,NULL,4463,4,72,NULL,NULL,115,True
alomasa02,6,3,1377,112,1236,NULL,NULL,7667,5,37,NULL,NULL,337,False
aloumo01,6,5,1942,332,2134,NULL,NULL,3114,5,37,NULL,NULL,48,False
anderbr01,3,0,1834,210,1661,NULL,NULL,3713,6,24,NULL,NULL,34,False
baergca01,3,4,1630,134,1583,NULL,NULL,2634,1,19,NULL,NULL,35,False
bagweje01,4,11,2150,449,2314,NULL,NULL,17546,2,24,NULL,NULL,217,True
belleal01,5,11,1539,381,1726,NULL,NULL,2642,6,14,NULL,NULL,32,False
bellja01,2,3,2063,195,1963,NULL,NULL,3202,3,28,NULL,NULL,41,False
bicheda01,4,2,1704,274,1906,NULL,NULL,2829,1,10,NULL,NULL,9,False
biggicr01,7,17,2850,291,3060,NULL,NULL,7156,2,39,NULL,NULL,70,True
bondsba01,14,47,2986,762,2935,NULL,NULL,5637,9,37,NULL,NULL,95,False
abreubo01,2,2,2425,288,2470,NULL,NULL,3952,1,19,NULL,NULL,32,False
anderga01,3,5,2228,287,2529,NULL,NULL,4057,5,36,NULL,NULL,79,False
aurilri01,1,2,1652,186,1576,NULL,NULL,3079,6,22,NULL,NULL,42,False
ausmubr01,1,3,1971,80,1579,NULL,NULL,12856,3,26,NULL,NULL,245,False
beltrad01,4,12,2933,477,3166,NULL,NULL,2200,5,29,NULL,NULL,22,True
beltrca01,9,8,2586,435,2725,NULL,NULL,5158,16,66,NULL,NULL,100,False
berkmla01,6,2,1879,366,1905,NULL,NULL,7899,9,59,NULL,NULL,149,False
blakeca01,0,0,1265,167,1186,NULL,NULL,1706,2,24,NULL,NULL,18,False
bautijo02,6,5,1798,344,1496,NULL,NULL,2577,6,18,NULL,NULL,32,False
bayja01,3,2,1278,222,1200,NULL,NULL,2303,3,15,NULL,NULL,22,False
bonilbo01,6,6,2113,287,2010,0,0,3045,5,32,NULL,NULL,47,False
brownke01,6,2,490,2,64,2397,211,388,0,3,71,5,8,False
candito01,0,0,453,0,35,1735,151,230,0,0,6,0,0,False
brownto05,1,0,324,2,95,1000,123,78,0,0,7,2,1,False
cansejo01,6,11,1887,462,1877,0,0,2003,7,19,NULL,NULL,47,False
buehrma01,5,4,518,1,9,1870,214,182,0,0,16,2,1,False
burneaj01,1,0,436,4,56,2513,164,169,0,0,31,2,3,False
carpech01,3,3,350,2,52,1697,144,185,0,6,68,10,10,False
cirilje01,2,0,1617,112,1598,1,0,1371,0,2,NULL,NULL,1,False
cainma01,3,0,349,7,74,1694,104,131,0,4,33,4,2,False
boonebr01,3,8,1780,252,1775,NULL,NULL,3445,3,34,NULL,NULL,55,False
brosisc01,1,4,1146,141,1001,NULL,NULL,1219,8,48,NULL,NULL,50,False
booneaa01,1,0,1152,126,1017,NULL,NULL,1348,2,9,NULL,NULL,12,False
cartejo01,5,4,2189,396,2184,NULL,NULL,5890,6,30,NULL,NULL,72,False
buhneja01,1,1,1472,310,1273,NULL,NULL,2537,8,26,NULL,NULL,46,False
burksel01,2,5,2000,352,2107,NULL,NULL,3435,3,26,NULL,NULL,49,False
caminke01,3,6,1760,239,1710,NULL,NULL,1491,8,21,NULL,NULL,10,False
castivi02,2,6,1854,320,1884,NULL,NULL,1389,5,21,NULL,NULL,13,False
clarkwi02,6,7,1976,284,2176,NULL,NULL,16695,5,39,NULL,NULL,270,False
claytro01,1,0,2108,110,1904,NULL,NULL,3096,0,11,NULL,NULL,19,False
burrepa01,0,0,1640,292,1393,NULL,NULL,2478,5,18,NULL,NULL,44,False
cabreor01,0,2,1985,123,2055,NULL,NULL,3023,1,34,NULL,NULL,64,False
camermi01,1,3,1955,278,1700,NULL,NULL,4954,1,16,NULL,NULL,65,False
caseyse01,3,1,1405,130,1531,NULL,NULL,10875,2,16,NULL,NULL,60,False
castilu01,3,3,1720,28,1889,NULL,NULL,3287,0,18,NULL,NULL,36,False
chaveer01,0,8,1615,260,1477,NULL,NULL,1126,3,24,NULL,NULL,26,False
clarkto02,1,0,1559,251,1188,NULL,NULL,9351,0,5,NULL,NULL,70,False
davisch01,3,0,2436,350,2380,0,0,2566,3,21,NULL,NULL,12,False
coneda01,5,3,451,0,64,2668,194,220,0,3,94,8,11,False
colonba01,4,2,565,1,25,2535,247,188,0,0,52,3,1,False
cuddymi01,2,1,1536,197,1522,0,0,4090,2,26,NULL,NULL,97,False
drabedo01,1,3,412,2,119,1594,155,266,0,2,33,2,4,False
dickera01,1,4,402,0,45,1477,120,119,0,0,4,0,0,False
daultda01,3,2,1161,137,891,NULL,NULL,5835,3,18,NULL,NULL,121,False
coninje01,2,1,2024,214,1982,NULL,NULL,8866,1,31,NULL,NULL,107,False
daviser01,2,9,1626,282,1430,NULL,NULL,3104,2,14,NULL,NULL,25,False
damonjo01,2,1,2490,235,2769,NULL,NULL,4732,10,72,NULL,NULL,129,False
crawfca02,4,3,1716,136,1931,NULL,NULL,3319,7,40,NULL,NULL,60,False
dunstsh01,2,1,1814,150,1597,NULL,NULL,2722,1,14,NULL,NULL,18,False
delgaca01,2,8,2035,473,2038,NULL,NULL,15236,4,13,NULL,NULL,86,False
drewjd01,1,2,1566,242,1437,NULL,NULL,2845,7,48,NULL,NULL,91,False
durhara01,2,0,1975,192,2054,NULL,NULL,3506,3,14,NULL,NULL,17,False
gaettga01,2,6,2507,360,2280,1,0,2607,5,22,NULL,NULL,21,False
fernaal01,0,0,266,3,22,1252,107,125,0,0,18,1,2,False
finlest01,2,5,2583,304,2548,0,0,5664,1,41,NULL,NULL,129,False
francjo01,4,6,1119,0,3,975,90,63,0,0,10,2,2,False
gagneer01,3,6,402,1,12,718,33,38,0,0,10,0,1,False
garcifr02,2,0,377,0,12,1621,156,171,0,0,57,6,4,False
garlajo01,1,0,367,1,24,1156,136,175,0,0,11,1,0,False
glavito02,10,14,709,1,246,2607,305,262,0,10,143,14,6,True
eisenji01,0,0,1422,52,1160,NULL,NULL,2249,2,12,NULL,NULL,29,False
edmonji01,4,11,2011,393,1949,NULL,NULL,4930,13,63,NULL,NULL,162,False
floydcl01,1,0,1621,233,1479,NULL,NULL,2881,2,8,NULL,NULL,10,False
frymatr01,5,5,1698,223,1776,NULL,NULL,1393,1,13,NULL,NULL,8,False
galaran01,5,4,2257,399,2333,NULL,NULL,18244,1,12,NULL,NULL,158,False
gantro01,2,2,1832,321,1651,NULL,NULL,3203,8,43,NULL,NULL,101,False
dyeje01,2,5,1763,325,1779,NULL,NULL,3273,5,44,NULL,NULL,86,False
eckstda01,2,2,1311,35,1414,NULL,NULL,1905,2,49,NULL,NULL,69,False
erstada01,2,5,1654,124,1697,NULL,NULL,6963,3,40,NULL,NULL,156,False
furcara01,3,1,1614,113,1817,NULL,NULL,2438,4,56,NULL,NULL,82,False
garcino01,6,5,1434,229,1747,NULL,NULL,3422,7,36,NULL,NULL,51,False
giambja01,5,6,2260,440,2010,NULL,NULL,10989,7,40,NULL,NULL,164,False
gilesbr02,2,0,1847,287,1897,NULL,NULL,3447,0,16,NULL,NULL,41,False
ellsbja01,1,3,1235,104,1376,NULL,NULL,2784,0,40,NULL,NULL,71,False
ethiean01,2,2,1455,162,1367,NULL,NULL,2217,5,31,NULL,NULL,63,False
fieldpr01,6,7,1611,319,1645,NULL,NULL,10722,5,31,NULL,NULL,287,False
figgich01,0,0,1282,35,1298,NULL,NULL,1612,0,21,NULL,NULL,23,False
glaustr01,4,5,1537,320,1375,NULL,NULL,1922,9,25,NULL,NULL,8,False
gonzaad01,5,6,1929,317,2050,NULL,NULL,14983,7,34,NULL,NULL,250,False
gordoto01,3,2,893,0,0,1928,138,185,0,0,19,0,0,False
gracema01,3,4,2245,173,2445,0,0,18503,2,27,NULL,NULL,209,False
guarded01,2,0,909,0,0,798,46,28,0,0,5,0,0,False
harrile01,0,0,1903,37,1055,1,0,1603,0,3,NULL,NULL,0,False
hennemi01,1,0,561,0,0,533,57,55,0,0,4,1,0,False
hentgpa01,3,3,344,0,9,1290,131,131,0,1,11,1,1,False
hernaro01,2,0,1010,0,1,945,67,53,0,0,2,0,0,False
hoffmtr01,7,8,1035,0,4,1133,61,66,0,0,14,1,0,True
hallaro01,8,5,416,0,34,2117,203,228,0,3,35,3,2,True
hamptmi01,2,9,448,16,178,1387,148,144,0,5,53,2,8,False
hawkila01,0,0,1042,0,0,983,75,95,0,0,17,1,1,False
hernali01,2,3,537,10,215,1976,178,211,0,2,47,7,5,False
harenda01,3,0,401,2,83,2013,153,156,0,0,16,2,1,False
gonzaju03,3,12,1689,434,1936,NULL,NULL,2595,8,18,NULL,NULL,25,False
gonzalu01,5,3,2591,354,2591,NULL,NULL,4520,4,22,NULL,NULL,40,False
griffke02,13,29,2671,630,2781,NULL,NULL,5607,6,20,NULL,NULL,44,True
grissma02,2,5,2165,227,2251,NULL,NULL,4880,5,69,NULL,NULL,111,False
guilloz01,3,2,1993,28,1764,NULL,NULL,2935,0,12,NULL,NULL,17,False
greensh01,2,3,1951,328,2003,NULL,NULL,4373,3,14,NULL,NULL,41,False
grudzma01,1,1,1802,90,2040,NULL,NULL,2945,0,16,NULL,NULL,52,False
guerrvl01,9,15,2147,449,2590,NULL,NULL,3169,2,45,NULL,NULL,23,True
guillca01,3,0,1305,124,1331,NULL,NULL,1972,2,21,NULL,NULL,65,False
heltoto01,5,12,2247,369,2519,NULL,NULL,18905,0,12,NULL,NULL,140,True
hardyjj01,2,4,1561,188,1488,NULL,NULL,2089,1,18,NULL,NULL,35,False
hollima01,7,6,1903,316,2096,NULL,NULL,2956,13,71,NULL,NULL,99,False
hudsoti01,4,2,489,4,98,2080,222,258,0,4,53,1,8,False
jacksmi02,0,0,1005,0,5,1006,62,57,0,1,25,1,2,False
isrinja01,2,0,724,2,21,830,51,62,0,0,23,1,1,False
jonesdo01,5,1,846,0,1,909,69,60,0,0,2,0,0,False
krukomi01,1,0,371,5,139,1478,124,146,0,0,3,1,2,False
johnsra05,10,13,619,1,78,4875,303,90,0,2,132,7,2,True
jonesto02,1,2,982,0,4,868,58,70,0,0,5,0,0,False
kileda01,3,0,364,2,87,1668,133,136,0,2,18,1,1,False
lackejo01,1,0,450,0,26,2294,188,222,0,2,114,8,17,False
hrbekke01,1,1,1747,293,1749,NULL,NULL,13725,3,14,NULL,NULL,213,False
huffau01,0,1,1681,242,1699,NULL,NULL,5159,1,16,NULL,NULL,107,False
hunteto01,5,13,2372,353,2452,NULL,NULL,5263,4,51,NULL,NULL,117,False
ibanera01,1,1,2161,305,2034,NULL,NULL,3678,6,34,NULL,NULL,58,False
howarry01,3,7,1572,382,1475,NULL,NULL,12351,8,44,NULL,NULL,334,False
hudsoor01,2,4,1345,93,1319,NULL,NULL,2652,2,5,NULL,NULL,7,False
jeffegr01,2,0,1465,126,1593,NULL,NULL,4690,0,9,NULL,NULL,5,False
jonesch06,8,6,2499,468,2726,NULL,NULL,1771,13,97,NULL,NULL,66,True
jordabr01,1,0,1456,184,1454,NULL,NULL,2852,6,35,NULL,NULL,91,False
justida01,3,6,1610,305,1571,NULL,NULL,2684,14,89,NULL,NULL,172,False
karroer01,0,3,1755,284,1724,NULL,NULL,14056,4,15,NULL,NULL,99,False
kentje01,5,8,2298,377,2461,NULL,NULL,4816,9,47,NULL,NULL,91,False
kleskry01,1,0,1736,278,1564,NULL,NULL,6660,10,39,NULL,NULL,110,False
knoblch01,4,6,1632,98,1839,NULL,NULL,2852,2,63,NULL,NULL,89,False
krukjo01,3,0,1200,100,1170,NULL,NULL,6022,1,14,NULL,NULL,85,False
jeterde01,14,20,2747,260,3465,NULL,NULL,3820,20,200,NULL,NULL,266,True
johnsch04,2,4,1188,167,940,NULL,NULL,7218,2,17,NULL,NULL,135,False
jonesan01,5,15,2196,434,1933,NULL,NULL,4986,10,65,NULL,NULL,178,False
kendaja01,3,0,2085,75,2195,NULL,NULL,13067,0,11,NULL,NULL,75,False
konerpa01,6,3,2349,439,2340,NULL,NULL,15965,7,18,NULL,NULL,173,False
langsma01,4,7,459,0,14,2464,179,127,0,0,1,0,0,False
leiteal01,2,3,419,0,45,1974,162,57,0,1,68,2,2,False
lillyte01,2,0,357,0,35,1681,130,67,0,0,14,0,0,False
lowede01,2,1,682,1,65,1722,176,221,0,1,70,5,14,False
leecl02,4,3,337,2,51,1824,143,83,0,4,89,7,5,False
lidgebr01,2,3,603,0,2,799,26,23,0,0,62,2,2,False
linceti01,4,5,281,0,53,1736,110,93,0,0,65,5,4,False
maddugr01,8,31,759,5,272,3371,355,546,0,4,125,11,20,True
martipe02,8,12,477,0,43,3154,219,155,0,0,96,6,10,True
mcdowja01,3,4,277,0,0,1311,127,139,0,0,16,0,1,False
lankfra01,1,0,1701,238,1561,NULL,NULL,3530,0,7,NULL,NULL,29,False
larkiba01,12,24,2180,198,2340,NULL,NULL,3154,0,24,NULL,NULL,35,True
loftoke01,6,4,2103,130,2428,NULL,NULL,4856,7,97,NULL,NULL,209,False
lopezja01,3,3,1503,260,1527,NULL,NULL,8991,10,57,NULL,NULL,428,False
leeca01,3,3,2099,358,2273,NULL,NULL,4987,0,1,NULL,NULL,6,False
leede02,2,4,1942,331,1959,NULL,NULL,14910,1,27,NULL,NULL,202,False
loducpa01,4,1,1082,80,1112,NULL,NULL,6879,0,11,NULL,NULL,57,False
lowelmi01,4,3,1601,223,1619,NULL,NULL,1468,4,29,NULL,NULL,25,False
mattido01,6,22,1785,222,2153,NULL,NULL,14270,1,10,NULL,NULL,36,False
martiti02,2,2,2023,339,1925,NULL,NULL,15001,9,83,NULL,NULL,800,False
martivi01,5,2,1973,246,2153,NULL,NULL,6888,6,47,NULL,NULL,98,False
matsuhi01,2,1,1236,175,1253,NULL,NULL,1326,10,64,NULL,NULL,59,False
mauerjo01,6,10,1858,143,2123,NULL,NULL,10707,0,11,NULL,NULL,65,True
mesajo01,2,2,1023,0,0,1038,80,112,0,0,29,3,2,False
moyerja01,1,5,701,0,51,2441,269,279,0,0,29,3,6,False
mulhote01,1,0,687,2,69,1325,124,114,0,0,15,1,2,False
millwke01,1,0,451,4,57,2083,169,145,0,1,38,3,5,False
mussimi01,5,8,537,0,9,2813,270,231,0,0,145,7,14,True
myersra01,4,5,729,0,11,884,44,27,0,0,32,2,0,False
nenro01,3,1,643,0,1,793,45,44,0,0,20,1,0,False
nathajo01,6,2,787,2,10,976,64,50,0,0,12,0,0,False
nomohi01,1,1,324,4,65,1918,123,115,0,0,9,0,1,False
mcgrifr01,5,7,2460,493,2490,NULL,NULL,18985,10,57,NULL,NULL,442,True
mcgwima01,12,9,1874,583,1626,NULL,NULL,14464,5,28,NULL,NULL,291,False
mondera01,1,3,1525,271,1589,NULL,NULL,2932,0,7,NULL,NULL,20,False
morriha02,0,0,1246,76,1216,NULL,NULL,7459,0,13,NULL,NULL,87,False
morame01,2,2,1556,171,1503,NULL,NULL,1787,1,6,NULL,NULL,9,False
muellbi02,0,2,1216,85,1229,NULL,NULL,817,1,34,NULL,NULL,41,False
morneju01,4,4,1545,247,1603,NULL,NULL,11239,2,16,NULL,NULL,131,False
napolmi01,1,0,1392,267,1125,NULL,NULL,8588,8,45,NULL,NULL,418,False
nixonot01,0,0,1709,11,1379,NULL,NULL,3313,0,26,NULL,NULL,47,False
oroscje01,2,0,1252,0,10,1179,87,62,0,1,22,3,2,False
oneilpa01,5,0,2053,281,2105,2,0,3915,11,85,NULL,NULL,164,False
oliveda02,0,0,775,1,48,1259,118,71,0,0,31,2,1,False
oswalro01,3,1,370,1,101,1852,163,169,0,2,56,5,6,False
olerujo01,2,4,2234,255,2239,NULL,NULL,16165,9,66,NULL,NULL,520,False
ordonma01,6,6,1848,294,2156,NULL,NULL,3208,3,17,NULL,NULL,33,False
ortizda01,10,19,2408,541,2472,NULL,NULL,1983,17,88,NULL,NULL,44,True
ansonca01,0,0,2524,97,3435,1,0,22572,0,16,NULL,NULL,NULL,True
bennech01,0,0,1062,55,978,NULL,NULL,5326,1,13,NULL,NULL,NULL,False
ballne01,0,0,507,4,404,NULL,NULL,951,0,0,NULL,NULL,NULL,False
averiea01,6,11,1669,238,2019,NULL,NULL,3969,0,0,NULL,NULL,NULL,True
beaucji01,0,0,393,14,153,NULL,NULL,755,0,0,NULL,NULL,NULL,False
broutda01,0,0,1676,107,2303,8,0,16443,0,2,NULL,NULL,NULL,True
burkeje01,0,0,2067,75,2850,84,3,3966,0,8,NULL,NULL,NULL,True
carutbo01,0,0,705,29,695,900,218,788,0,22,53,7,NULL,False
clarkjo01,0,1,546,24,432,1978,328,239,1,5,52,2,NULL,True
brownga01,0,0,1051,84,582,NULL,NULL,693,0,0,NULL,NULL,NULL,False
burroje01,2,3,1689,240,1443,NULL,NULL,2177,0,0,NULL,NULL,NULL,False
comisch01,0,0,1390,28,1529,6,0,13900,0,44,NULL,NULL,NULL,True
dennyje01,0,0,1237,74,1286,1,0,2251,1,4,NULL,NULL,NULL,False
dunlafr01,0,0,965,41,1159,2,0,2912,0,6,NULL,NULL,NULL,False
connoro01,0,0,1998,138,2467,NULL,NULL,18115,0,19,NULL,NULL,NULL,True
davissp01,0,0,1458,77,1312,NULL,NULL,4423,0,2,NULL,NULL,NULL,False
donovpa01,0,0,1825,16,2256,NULL,NULL,2929,0,8,NULL,NULL,NULL,False
duffyhu01,0,1,1737,106,2293,NULL,NULL,3449,1,12,NULL,NULL,NULL,True
ewingbu01,0,0,1315,71,1625,23,2,6355,1,18,NULL,NULL,NULL,True
flintsi01,0,0,760,21,687,NULL,NULL,3674,0,2,NULL,NULL,NULL,False
gagliph01,0,0,702,14,336,NULL,NULL,697,0,0,NULL,NULL,NULL,False
hanlone01,0,0,1270,30,1318,NULL,NULL,2700,0,11,NULL,NULL,NULL,True
granted01,0,0,991,5,844,NULL,NULL,1187,0,0,NULL,NULL,NULL,False
harpeto01,1,0,1810,146,1609,NULL,NULL,2823,0,0,NULL,NULL,NULL,False
keefeti01,0,1,618,12,390,2564,342,297,0,4,46,4,NULL,True
kellyki01,0,0,1456,69,1813,4,2,3573,1,14,NULL,NULL,NULL,True
houkra01,0,0,91,0,43,NULL,NULL,231,0,1,NULL,NULL,NULL,False
howelro02,1,0,1112,80,991,NULL,NULL,757,0,2,NULL,NULL,NULL,False
jenseja01,3,3,1438,199,1463,NULL,NULL,2739,0,0,NULL,NULL,NULL,False
lowebo01,0,0,1822,71,1934,0,0,4226,0,3,NULL,NULL,NULL,False
mcaleji01,0,0,1021,11,1008,0,0,2469,0,4,NULL,NULL,NULL,False
mccarto01,0,0,1273,44,1493,21,0,2190,1,18,NULL,NULL,NULL,True
mccorji01,0,0,534,4,491,1704,265,384,0,3,23,3,NULL,False
lathaar01,0,0,1629,27,1836,NULL,NULL,2080,0,38,NULL,NULL,NULL,False
longhe01,0,0,1875,91,2129,NULL,NULL,4450,0,6,NULL,NULL,NULL,False
mageesh01,0,4,2087,83,2169,NULL,NULL,5135,0,1,NULL,NULL,NULL,False
manuech01,0,0,242,4,76,NULL,NULL,103,0,0,NULL,NULL,NULL,False
mayca01,2,0,1165,90,1127,NULL,NULL,2920,0,2,NULL,NULL,NULL,False
nichoki01,0,0,650,16,472,1881,362,384,0,2,13,2,NULL,True
odayha01,0,0,232,1,155,663,73,130,0,1,12,2,NULL,True
odoulle01,1,4,970,113,1140,19,1,1594,0,1,NULL,NULL,NULL,False
moranpa01,0,0,823,18,618,NULL,NULL,3603,0,0,NULL,NULL,NULL,False
milleha01,0,0,349,38,387,NULL,NULL,575,0,0,NULL,NULL,NULL,False
mchaljo01,0,0,64,3,22,NULL,NULL,200,0,0,NULL,NULL,NULL,False
mcmulke01,0,0,1583,156,1273,NULL,NULL,1769,0,0,NULL,NULL,NULL,False
murcebo01,5,4,1908,252,1862,NULL,NULL,3352,0,1,NULL,NULL,NULL,False
moraljo01,0,0,733,26,375,NULL,NULL,498,0,0,NULL,NULL,NULL,False
oneilti01,0,1,1052,52,1385,91,16,1810,5,35,NULL,NULL,NULL,False
orourji01,0,0,1996,62,2639,4,0,5494,2,22,NULL,NULL,NULL,True
pfefffr01,0,0,1671,94,1680,13,2,5062,2,17,NULL,NULL,NULL,False
radboch01,0,1,653,9,585,1830,310,443,0,1,17,3,NULL,True
phillde01,0,0,378,3,185,929,189,97,0,4,24,3,3,False
planked01,0,4,629,3,331,2246,326,229,0,2,32,2,2,True
reulbed01,0,2,401,1,127,1137,182,137,0,1,13,2,1,False
pennohe01,0,5,621,4,232,1227,240,101,0,1,24,5,1,True
quinnja01,0,0,771,8,248,1329,247,144,0,0,5,0,0,False
pearsmo01,2,0,225,2,117,703,100,62,0,3,28,4,3,False
piercbi02,7,4,616,0,203,1999,211,124,0,0,8,1,1,False
reynoal01,6,3,475,1,140,1423,182,111,0,8,62,7,4,False
paigesa01,2,0,179,0,12,288,28,17,0,0,0,0,0,True
pappami01,3,0,527,20,132,1728,209,245,0,0,4,0,0,False
pascuca02,6,0,542,5,198,2167,174,210,0,0,0,0,0,False
perryji01,3,2,635,5,177,1576,215,191,0,0,10,0,1,False
pizarju01,2,0,496,8,133,1522,131,74,0,0,4,0,0,False
podrejo01,4,2,462,2,145,1435,148,80,0,5,18,4,0,False
raschvi01,4,6,269,1,112,944,132,84,0,3,43,5,1,False
palmeji01,6,15,576,3,85,2212,268,292,0,3,90,8,9,True
perraro01,0,2,737,0,16,687,79,45,0,0,9,0,0,False
perryga01,5,4,787,6,141,3534,314,349,0,1,11,1,1,True
reuscri01,3,4,579,4,187,2015,214,328,0,0,14,1,1,False
reussje01,2,0,631,1,171,1907,220,170,0,0,25,2,3,False
quiseda01,3,10,674,0,1,379,56,97,0,0,8,3,5,False
reardje01,4,3,880,0,5,877,73,44,0,0,14,2,0,False
rhoderi01,2,3,427,9,181,1419,151,173,0,1,8,0,1,False
paskedo01,0,1,1717,42,1613,NULL,NULL,3851,0,7,NULL,NULL,34,False
peckiro01,0,4,2012,48,1876,NULL,NULL,3930,1,16,NULL,NULL,34,False
pippwa01,0,1,1872,90,1941,NULL,NULL,18779,0,15,NULL,NULL,206,False
pafkoan01,5,5,1852,213,1796,NULL,NULL,3388,0,16,NULL,NULL,51,False
peskyjo01,1,2,1270,17,1455,NULL,NULL,1987,0,7,NULL,NULL,13,False
reesepe01,10,5,2166,126,2170,NULL,NULL,4124,2,46,NULL,NULL,77,True
reisepe01,3,3,861,58,786,NULL,NULL,1486,1,6,NULL,NULL,21,False
paganjo01,0,0,1326,52,922,NULL,NULL,1470,1,12,NULL,NULL,11,False
pinsova01,4,1,2470,256,2757,NULL,NULL,5145,0,2,NULL,NULL,18,False
pepitjo01,3,4,1397,219,1315,NULL,NULL,9036,1,6,NULL,NULL,99,False
perezto01,7,4,2777,379,2732,NULL,NULL,15127,6,41,NULL,NULL,339,True
petrori01,2,1,1553,210,1352,NULL,NULL,1886,3,14,NULL,NULL,22,False
pinielo01,1,1,1747,102,1705,NULL,NULL,2546,3,43,NULL,NULL,64,False
porteda02,4,3,1782,188,1369,NULL,NULL,6767,1,32,NULL,NULL,178,False
powelbo01,4,5,2042,339,1776,NULL,NULL,12796,6,33,NULL,NULL,278,False
reeseri01,0,0,866,52,512,NULL,NULL,4109,0,3,NULL,NULL,41,False
parkeda01,7,15,2466,339,2712,NULL,NULL,3949,3,26,NULL,NULL,46,False
parrila01,2,0,1891,256,1789,NULL,NULL,1700,0,8,NULL,NULL,18,False
parrila02,8,11,1988,324,1782,NULL,NULL,9840,2,8,NULL,NULL,51,False
puhlte01,1,0,1531,62,1361,NULL,NULL,2585,0,16,NULL,NULL,20,False
raineti01,7,4,2502,170,2605,NULL,NULL,4284,1,34,NULL,NULL,45,True
randowi01,6,4,2202,54,2210,NULL,NULL,4859,4,36,NULL,NULL,101,False
pendlte01,1,5,1893,140,1897,NULL,NULL,1386,3,58,NULL,NULL,37,False
richaha01,0,0,1334,73,1694,6,3,3243,1,13,NULL,NULL,NULL,False
ricesa01,0,1,2405,34,2987,12,1,4775,0,19,NULL,NULL,30,True
ringji01,0,0,391,4,120,835,118,78,0,0,4,1,1,False
rixeyep01,0,4,694,3,291,1350,266,131,0,1,2,0,0,True
richepe01,2,0,446,1,43,925,80,53,0,0,3,0,0,False
righeda01,2,5,718,0,2,1112,82,35,0,0,18,3,0,False
ryanji01,0,0,2014,118,2513,43,6,3811,0,5,4,0,NULL,False
ruckena01,0,7,336,1,157,1217,134,55,0,0,3,0,0,False
schaege01,0,0,1155,9,972,0,0,3276,0,5,NULL,NULL,22,False
rudoldi01,0,0,284,2,131,786,121,79,0,2,15,2,0,False
ruthba01,2,33,2504,714,2873,488,94,4787,15,42,8,3,73,True
sallesl01,0,0,476,2,158,836,174,86,0,1,6,1,1,False
scottja01,0,0,408,5,187,657,103,63,0,1,4,1,1,False
shawkbo01,0,0,488,3,225,1360,196,146,0,4,18,1,1,False
shockur01,0,4,412,1,167,983,187,155,0,0,3,0,0,False
ruffire01,6,8,882,36,521,1987,273,155,0,6,61,7,4,True
schumha02,2,1,451,15,181,906,158,154,0,2,17,2,0,False
rommeed01,0,3,508,1,164,599,171,165,0,0,0,1,0,False
rootch01,0,3,632,11,196,1459,201,95,0,0,15,0,0,False
sherdbi01,0,1,549,9,214,839,165,82,0,0,6,0,2,False
rowesc01,3,3,492,18,239,913,158,97,0,2,27,2,4,False
sainjo01,3,5,433,3,190,910,139,127,0,2,15,2,2,False
roepr01,5,2,333,1,68,956,127,90,0,0,14,2,3,False
roberro01,7,8,688,5,255,2357,286,316,0,0,5,0,0,True
shantbo01,3,11,578,1,107,1072,119,175,0,1,8,0,3,False
simmocu01,3,0,609,1,194,1697,193,127,0,2,8,0,2,False
ryanno01,8,2,807,2,94,5714,324,220,0,3,63,2,3,True
sadecra01,0,0,587,5,151,1614,135,62,0,1,8,1,0,False
seaveto01,12,10,677,12,202,3640,311,328,0,2,51,3,3,True
seguidi01,0,0,640,4,58,1298,92,128,0,0,4,0,0,False
rojasco01,5,1,1822,54,1660,0,0,3466,0,4,NULL,NULL,5,False
rogerst01,5,1,406,0,122,1621,158,237,0,2,11,3,2,False
saberbr01,3,9,403,0,23,1715,167,203,0,0,38,2,3,False
ritchcl01,0,0,1673,18,1619,NULL,NULL,3841,0,4,NULL,NULL,20,False
roberda01,0,1,805,47,812,NULL,NULL,1260,0,11,NULL,NULL,6,False
richapa01,0,3,523,15,321,NULL,NULL,2103,0,4,NULL,NULL,46,False
rizzuph01,5,10,1661,38,1588,NULL,NULL,3220,2,45,NULL,NULL,107,True
ricede01,1,0,1309,79,908,NULL,NULL,5353,0,4,NULL,NULL,24,False
richabo01,8,13,1412,34,1432,NULL,NULL,3159,1,40,NULL,NULL,76,False
rignebi01,1,0,655,41,510,NULL,NULL,950,0,1,NULL,NULL,NULL,False
rivermi01,1,1,1468,61,1660,NULL,NULL,3150,0,37,NULL,NULL,83,False
riceji01,8,10,2089,382,2452,NULL,NULL,3103,2,16,NULL,NULL,29,True
ripkeca01,19,29,3001,431,3184,NULL,NULL,4112,1,37,NULL,NULL,30,True
schreos01,0,0,898,9,829,NULL,NULL,5270,0,2,NULL,NULL,17,False
schulfr01,0,4,1807,92,1766,NULL,NULL,2689,0,26,NULL,NULL,17,False
sheckji01,0,0,2121,56,2084,NULL,NULL,4242,0,15,NULL,NULL,34,False
roushed01,0,14,1967,68,2376,NULL,NULL,4683,0,6,NULL,NULL,31,True
ruelmu01,0,4,1467,4,1242,NULL,NULL,5368,0,8,NULL,NULL,86,False
schalra01,0,5,1763,11,1345,NULL,NULL,7168,0,12,NULL,NULL,61,True
schanwa01,0,3,1841,59,1506,NULL,NULL,5622,1,27,NULL,NULL,121,False
scottev01,0,2,1655,20,1455,NULL,NULL,3353,0,14,NULL,NULL,50,False
severha01,0,0,1392,17,1245,NULL,NULL,4714,0,7,NULL,NULL,44,False
seweljo01,0,8,1903,49,2226,NULL,NULL,3273,0,9,NULL,NULL,15,True
sewellu01,1,0,1631,20,1393,NULL,NULL,5522,0,3,NULL,NULL,23,False
rolfere01,4,7,1175,69,1394,NULL,NULL,1336,0,33,NULL,NULL,30,False
simmoal01,3,23,2215,307,2927,NULL,NULL,5000,6,24,NULL,NULL,39,True
selkige01,2,0,846,108,810,NULL,NULL,1559,2,18,NULL,NULL,29,False
sistisi01,0,0,1016,27,732,NULL,NULL,1600,0,0,NULL,NULL,0,False
slaugen01,10,12,2380,169,2383,NULL,NULL,3925,3,23,NULL,NULL,44,True
schoere01,10,2,2216,84,2449,NULL,NULL,5045,0,21,NULL,NULL,41,True
robinbr01,18,32,2896,268,2848,NULL,NULL,2712,5,44,NULL,NULL,39,True
robinfr02,14,15,2808,586,2943,NULL,NULL,6346,10,30,NULL,NULL,54,True
robinja02,6,10,1382,137,1518,NULL,NULL,4007,2,32,NULL,NULL,88,True
rosenal01,4,5,1044,192,1063,NULL,NULL,1662,0,3,NULL,NULL,2,False
rudijo01,3,6,1547,179,1468,NULL,NULL,4167,3,36,NULL,NULL,120,False
russebi01,3,1,2181,46,1926,NULL,NULL,3104,0,57,NULL,NULL,78,False
ryanmi02,0,0,636,28,370,NULL,NULL,3473,0,0,NULL,NULL,4,False
sanguma01,3,1,1448,65,1500,NULL,NULL,6646,1,29,NULL,NULL,149,False
scottge02,3,8,2034,271,1992,NULL,NULL,15601,0,6,NULL,NULL,70,False
robinbi02,0,0,1472,166,1127,NULL,NULL,3336,0,5,NULL,NULL,14,False
rosepe01,17,16,3562,160,4256,NULL,NULL,12394,5,86,NULL,NULL,253,False
simmote01,8,4,2456,248,2472,NULL,NULL,10544,3,11,NULL,NULL,87,True
simsdu01,0,0,843,100,580,NULL,NULL,4206,0,3,NULL,NULL,16,False
singlke01,3,2,2082,246,2029,NULL,NULL,2684,0,19,NULL,NULL,14,False
samueju01,3,2,1720,161,1578,NULL,NULL,3572,0,0,NULL,NULL,NULL,False
sandbry01,10,25,2164,282,2386,NULL,NULL,3892,1,15,NULL,NULL,21,True
saxst01,5,3,1769,54,1949,NULL,NULL,3617,0,24,NULL,NULL,43,False
schmimi01,12,33,2404,548,2234,NULL,NULL,2836,4,33,NULL,NULL,36,True
scottto01,0,0,991,17,699,NULL,NULL,1803,0,3,NULL,NULL,11,False
speaktr01,0,27,2792,117,3514,0,0,6935,0,22,NULL,NULL,49,True
smithsh01,0,0,381,6,165,428,114,92,0,1,5,1,3,False
spahnwa01,16,16,783,35,363,2583,363,222,0,4,32,4,3,True
splitpa01,0,0,430,0,22,1057,166,125,0,0,11,2,0,False
smithle02,7,7,1023,1,3,1251,71,52,0,0,7,0,1,True
sotoma01,3,0,303,1,70,1449,100,95,0,0,1,0,0,False
stahlja01,0,0,982,31,894,NULL,NULL,8731,0,8,NULL,NULL,76,False
steinha01,0,0,1648,27,1578,NULL,NULL,2429,0,19,NULL,NULL,18,False
southbi01,0,0,1192,52,1296,NULL,NULL,2445,1,10,NULL,NULL,9,True
stengca01,0,0,1277,60,1219,NULL,NULL,2171,2,11,NULL,NULL,18,True
smithea02,0,3,863,46,686,NULL,NULL,2117,0,11,NULL,NULL,51,False
stephri01,0,0,1309,63,1515,NULL,NULL,2289,0,14,NULL,NULL,17,False
stanked01,3,2,1259,29,1154,NULL,NULL,3118,0,13,NULL,NULL,40,False
stephve01,8,7,1720,247,1859,NULL,NULL,2732,0,5,NULL,NULL,9,False
snidedu01,8,6,2143,407,2116,NULL,NULL,4099,11,38,NULL,NULL,96,True
smithre06,7,2,1987,314,2020,NULL,NULL,5186,6,25,NULL,NULL,52,False
speiech01,3,1,2260,112,1759,NULL,NULL,3314,1,14,NULL,NULL,37,False
spencji01,1,2,1553,146,1227,NULL,NULL,9920,0,3,NULL,NULL,33,False
stahlla01,0,0,730,36,400,NULL,NULL,992,0,2,NULL,NULL,NULL,False
stanlmi01,0,4,1517,117,1243,NULL,NULL,3688,0,8,NULL,NULL,23,False
stargwi01,7,12,2360,475,2232,NULL,NULL,9278,7,37,NULL,NULL,171,True
staubru01,6,1,2951,292,2716,NULL,NULL,6572,4,14,NULL,NULL,15,False
stewaji01,0,0,777,8,336,NULL,NULL,628,0,0,NULL,NULL,0,False
stonest01,1,3,340,0,22,1065,107,125,0,0,2,0,0,False
stottme01,5,1,366,7,120,1257,164,242,0,1,12,1,2,False
smithlo01,1,1,1613,98,1488,NULL,NULL,2388,4,57,NULL,NULL,52,False
smithoz01,15,23,2573,28,2460,NULL,NULL,4249,1,34,NULL,NULL,67,True
stewada01,1,6,523,0,10,1741,168,197,0,0,73,10,9,False
stiebda01,7,2,454,0,0,1669,176,272,0,0,28,1,1,False
tebeapa01,0,0,1167,27,1290,0,0,7018,0,0,NULL,NULL,NULL,False
thompsa01,0,0,1410,126,1988,NULL,NULL,2174,2,21,NULL,NULL,NULL,True
tiernmi01,0,0,1478,106,1838,3,1,2103,2,24,NULL,NULL,NULL,False
sullibi03,0,2,1148,21,777,NULL,NULL,4810,0,0,NULL,NULL,35,False
thomair01,0,3,487,3,327,NULL,NULL,2136,0,6,NULL,NULL,67,False
tinkejo01,0,0,1809,31,1690,NULL,NULL,3826,1,16,NULL,NULL,44,True
toneyfr01,0,0,336,3,118,718,139,57,0,0,1,0,0,False
terrybi01,3,12,1720,154,2193,NULL,NULL,15999,2,18,NULL,NULL,138,True
theveto01,0,0,1229,2,1030,NULL,NULL,2308,1,10,NULL,NULL,10,False
traynpi01,2,26,1941,58,2416,NULL,NULL,2390,1,12,NULL,NULL,11,True
uhlege01,0,5,723,9,393,1135,200,175,0,0,3,0,0,False
tebbebi01,4,3,1162,38,1000,NULL,NULL,4667,0,0,NULL,NULL,13,False
tobinji01,1,0,396,17,183,498,105,103,0,0,0,0,0,False
troutdi01,2,3,535,20,205,1256,170,193,0,1,10,1,2,False
truckvi01,2,0,517,2,171,1534,177,156,0,0,7,1,1,False
turneji01,1,2,238,1,87,329,69,55,0,0,4,0,0,False
tayloto02,2,0,2195,75,2007,NULL,NULL,4241,0,2,NULL,NULL,5,False
thomsbo01,3,0,1779,264,1705,NULL,NULL,3800,0,5,NULL,NULL,13,False
torgeea01,0,0,1668,149,1318,NULL,NULL,11684,0,7,NULL,NULL,44,False
suttodo01,4,3,785,0,195,3574,324,334,0,2,61,6,5,True
tenacge01,1,2,1555,201,1060,NULL,NULL,8731,4,18,NULL,NULL,248,False
tiantlu01,3,1,573,5,84,2416,229,221,0,2,20,3,0,False
tidrodi01,0,0,620,0,9,975,100,97,0,0,14,1,2,False
tolanbo01,0,2,1282,86,1121,NULL,NULL,2915,2,21,NULL,NULL,34,False
torremi01,0,0,499,0,64,1404,185,223,0,0,20,2,3,False
tovarce01,0,0,1488,46,1546,1,0,2686,0,7,NULL,NULL,19,False
summech01,0,0,698,54,350,NULL,NULL,508,0,0,NULL,NULL,NULL,False
sundbji01,3,8,1962,95,1493,NULL,NULL,9773,1,10,NULL,NULL,88,False
sutclri01,3,8,466,4,102,1679,171,211,1,4,12,1,0,False
suttebr01,6,10,661,0,9,861,68,90,0,0,7,2,0,True
tananfr01,3,2,639,0,9,2773,240,226,0,0,4,0,0,False
tekulke01,1,0,1050,0,10,779,94,93,0,0,14,0,1,False
templga01,3,5,2079,70,2096,NULL,NULL,3551,0,11,NULL,NULL,27,False
thomago01,1,1,1436,268,1051,NULL,NULL,2954,2,6,NULL,NULL,40,False
trammal01,6,11,2293,185,2365,NULL,NULL,3448,3,17,NULL,NULL,15,True
trillma01,4,9,1780,61,1562,NULL,NULL,3977,0,16,NULL,NULL,44,False
tudorjo01,0,1,289,0,59,988,117,85,0,0,44,5,1,False
wardjo01,0,0,1827,26,2107,920,164,3325,0,26,NULL,NULL,NULL,True
welchmi01,0,0,607,12,492,1850,307,265,0,3,3,1,NULL,True
whitede01,0,0,1560,24,2067,3,0,4651,0,12,NULL,NULL,NULL,True
willine01,0,0,1201,64,1159,7,1,1589,0,3,2,0,NULL,False
wagneho01,0,12,2798,101,3420,6,0,7940,0,14,NULL,NULL,25,True
walshed01,0,8,462,3,210,1736,195,237,0,0,17,2,0,True
willivi01,0,1,531,1,248,1651,249,389,0,0,3,0,1,True
wiltsho01,0,0,377,2,156,965,139,162,0,0,2,0,15,False
vanceda01,0,11,442,7,146,2045,197,126,0,0,3,0,0,True
veachbo01,0,0,1823,64,2063,0,0,3754,0,0,NULL,NULL,NULL,False
wambsbi01,0,0,1494,7,1359,NULL,NULL,3420,0,4,NULL,NULL,21,False
wheatza01,0,11,2410,132,2884,NULL,NULL,4996,0,13,NULL,NULL,29,True
walberu01,0,1,547,4,162,1085,155,113,0,0,15,1,0,False
walkedi02,5,3,1906,105,2064,NULL,NULL,3479,1,10,NULL,NULL,23,False
waltebu01,6,11,716,23,477,1107,198,364,1,2,12,2,0,False
wanerll01,1,4,1993,27,2459,NULL,NULL,4864,0,6,NULL,NULL,8,True
wanerpa01,4,14,2550,113,3152,NULL,NULL,5513,0,5,NULL,NULL,8,True
warnelo01,5,9,459,4,215,1140,192,126,0,1,13,2,3,False
werbebi01,0,2,1296,78,1363,NULL,NULL,1548,0,14,NULL,NULL,12,False
whiteea01,0,2,548,4,264,1350,218,166,0,0,2,1,0,False
wilsoha01,0,8,1348,244,1461,NULL,NULL,2821,0,15,NULL,NULL,33,True
wilsoji01,2,2,1525,32,1358,NULL,NULL,4972,0,16,NULL,NULL,113,False
vandejo01,4,6,384,1,104,1294,119,82,0,0,2,0,0,False
vaughar01,9,14,1817,96,2103,NULL,NULL,3308,0,1,NULL,NULL,NULL,True
walkeha01,2,0,807,10,786,NULL,NULL,1712,0,10,NULL,NULL,23,False
whitebu01,2,0,924,17,883,NULL,NULL,2018,0,5,NULL,NULL,23,False
willite01,19,39,2292,521,2654,1,0,4158,0,5,NULL,NULL,15,True
virdobi01,0,2,1583,91,1596,NULL,NULL,3777,0,7,NULL,NULL,18,False
wertzvi01,4,3,1862,266,1692,NULL,NULL,6807,1,8,NULL,NULL,33,False
westrwe01,2,0,920,96,503,NULL,NULL,3639,0,7,NULL,NULL,52,False
wilheho01,7,0,1070,1,38,1610,143,114,0,0,3,0,0,True
willibi01,6,7,2488,426,2711,NULL,NULL,4367,0,0,NULL,NULL,NULL,True
willidi02,0,0,1023,70,768,NULL,NULL,2188,0,1,NULL,NULL,NULL,True
willsma01,7,9,1942,20,2134,NULL,NULL,2786,0,19,NULL,NULL,40,False
unserde01,0,0,1799,87,1344,NULL,NULL,3643,0,5,NULL,NULL,3,False
vealebo01,2,0,399,0,72,1703,120,37,0,0,0,0,0,False
watsobo01,2,0,1832,184,1826,NULL,NULL,9848,2,23,NULL,NULL,133,False
whitero01,2,0,1881,160,1803,NULL,NULL,3443,2,22,NULL,NULL,51,False
wiseri01,2,0,511,15,130,1647,188,206,0,0,4,2,2,False
valenfe01,6,9,474,10,187,2074,173,202,0,1,44,5,2,False
vuckope01,0,1,286,0,33,882,93,87,0,0,16,1,0,False
wallati01,5,7,2212,260,2085,0,0,2543,0,2,NULL,NULL,7,False
washicl01,2,0,1912,164,1884,NULL,NULL,3198,0,13,NULL,NULL,18,False
wathajo01,0,0,860,21,656,NULL,NULL,3388,0,5,NULL,NULL,51,False
welchbo01,2,3,520,2,88,1969,211,243,0,0,41,3,4,False
whitalo01,5,10,2390,244,2369,NULL,NULL,4771,1,10,NULL,NULL,32,False
whitefr01,5,11,2324,160,2006,NULL,NULL,4944,2,32,NULL,NULL,83,False
wilsowi02,2,3,2154,41,2207,NULL,NULL,5060,1,40,NULL,NULL,86,False
winfida01,12,20,2973,465,3110,NULL,NULL,5012,2,21,NULL,NULL,36,True
vanslan01,3,10,1658,164,1562,NULL,NULL,3923,1,19,NULL,NULL,66,False
whitede03,3,7,1941,208,1934,NULL,NULL,4739,3,56,NULL,NULL,124,False
youngcy01,0,3,916,18,623,2803,511,251,0,2,26,2,0,True
zimmech01,0,0,1280,26,1225,NULL,NULL,5121,0,6,NULL,NULL,NULL,False
woodjo02,0,3,702,23,553,989,117,911,0,4,21,3,8,False
wittwh01,0,0,1139,18,1195,NULL,NULL,2256,0,10,NULL,NULL,25,False
yerkest02,0,0,713,6,676,NULL,NULL,1353,0,8,NULL,NULL,14,False
youngro01,0,5,1211,42,1491,NULL,NULL,2171,1,26,NULL,NULL,29,True
wrighgl01,0,3,1119,94,1219,NULL,NULL,2240,1,7,NULL,NULL,17,False
wyattwh01,4,5,366,7,133,872,106,74,0,1,14,1,1,False
zachato01,0,0,546,6,254,720,186,83,0,0,10,3,1,False
wynnea01,9,4,796,17,365,2334,300,193,0,2,15,1,2,True
yorkru01,7,5,1603,277,1621,NULL,NULL,12308,3,17,NULL,NULL,187,False
zimmedo01,2,0,1095,91,773,NULL,NULL,1641,0,2,NULL,NULL,4,False
wynnji01,3,2,1920,291,1665,NULL,NULL,3937,1,5,NULL,NULL,16,False
yastrca01,18,16,3308,452,3419,NULL,NULL,10437,4,24,NULL,NULL,58,True
yeagest01,0,1,1269,102,816,NULL,NULL,6110,5,27,NULL,NULL,183,False
ziskri01,2,2,1453,207,1477,NULL,NULL,1680,0,8,NULL,NULL,11,False
wittmi01,2,0,341,0,0,1373,117,147,0,0,11,1,2,False
yountro01,3,12,2856,251,3142,NULL,NULL,5855,1,22,NULL,NULL,38,True
zachrpa01,1,1,293,0,36,669,69,60,0,0,11,2,2,False
zahnge01,0,1,304,0,6,705,111,87,0,0,2,0,0,False
worreto01,3,3,617,0,2,628,50,30,0,0,19,1,0,False
francju02,0,0,404,48,235,NULL,NULL,761,0,0,NULL,NULL,NULL,False
hafnetr01,0,0,1183,213,1107,NULL,NULL,578,2,8,NULL,NULL,NULL,False
martied01,7,10,2055,309,2247,NULL,NULL,566,8,34,NULL,NULL,NULL,True
nevinph01,1,0,1217,208,1131,NULL,NULL,3708,0,0,NULL,NULL,NULL,False
plesada01,3,0,1064,0,1,1041,65,9,0,0,0,0,0,False
reynosh01,1,0,306,5,77,1403,114,121,0,1,16,1,1,False
rhodear01,1,0,903,0,1,1152,87,38,0,0,23,0,1,False
pennybr01,2,0,351,3,83,1273,121,132,0,2,15,3,2,False
percitr01,4,0,703,0,0,781,35,29,0,0,10,0,0,False
pettian01,3,3,533,1,27,2448,256,130,0,3,183,19,5,False
radkebr01,1,0,378,0,3,1467,148,213,0,0,17,2,2,False
papeljo01,6,1,689,0,0,808,41,37,0,0,23,2,0,False
peavyja01,3,4,393,3,87,2207,152,183,0,0,21,1,1,False
putzjj01,1,1,572,0,0,599,37,28,0,0,0,0,0,False
reyesjo01,4,2,1877,145,2138,0,0,2271,1,11,NULL,NULL,20,False
penato01,5,5,1988,107,1687,NULL,NULL,11260,1,24,NULL,NULL,139,False
phillto02,0,0,2161,160,2023,NULL,NULL,3564,1,10,NULL,NULL,25,False
palmera01,4,8,2831,569,3020,NULL,NULL,18128,4,20,NULL,NULL,162,False
piazzmi01,12,22,1912,427,2127,NULL,NULL,11347,6,29,NULL,NULL,235,True
puckeki01,10,22,1783,207,2304,NULL,NULL,4392,5,30,NULL,NULL,51,True
ramirma02,12,19,2302,555,2574,NULL,NULL,3206,29,117,NULL,NULL,177,False
pierrju01,0,0,1994,18,2217,NULL,NULL,3879,0,24,NULL,NULL,50,False
pierzaj01,2,1,2059,188,2043,NULL,NULL,12600,5,31,NULL,NULL,192,False
polanpl01,2,6,1927,104,2142,NULL,NULL,2767,0,32,NULL,NULL,50,False
posadjo01,5,10,1829,275,1664,NULL,NULL,10207,11,103,NULL,NULL,846,False
ramirar01,3,2,2194,386,2303,NULL,NULL,1224,4,13,NULL,NULL,11,False
renteed01,5,10,2152,140,2327,NULL,NULL,2966,3,61,NULL,NULL,117,False
penaca01,1,4,1493,286,1146,NULL,NULL,10900,4,18,NULL,NULL,141,False
peraljh01,3,0,1798,202,1761,NULL,NULL,2307,8,54,NULL,NULL,84,False
phillbr01,3,5,1902,211,2029,NULL,NULL,3557,2,13,NULL,NULL,16,False
rijojo01,1,2,377,2,85,1606,116,144,0,1,29,3,0,False
riverma01,13,16,1115,0,0,1173,82,110,0,0,110,8,18,True
russeje01,2,2,591,1,11,693,56,71,0,0,1,1,0,False
scottmi03,3,5,348,2,81,1469,124,156,0,0,19,2,2,False
rueteki01,0,0,349,0,95,818,130,135,0,3,17,1,7,False
schilcu01,6,11,571,0,117,3116,216,183,0,2,120,11,5,False
seleaa01,2,0,404,0,9,1407,148,119,0,0,17,0,2,False
rogerke01,4,5,763,0,9,1968,219,258,0,1,34,3,2,False
sandesc02,0,0,236,0,25,632,34,49,0,0,4,0,0,False
santajo01,4,7,360,1,40,1988,139,98,0,0,32,1,1,False
schmija01,3,2,324,7,63,1758,130,91,0,0,32,3,2,False
rodrifr03,6,4,948,0,1,1142,52,70,0,0,49,5,1,False
shielja02,1,0,411,0,24,2234,145,187,0,0,45,3,5,False
salmoti01,0,5,1672,299,1674,NULL,NULL,2695,4,17,NULL,NULL,32,False
sandere02,1,1,1777,305,1666,NULL,NULL,3334,7,43,NULL,NULL,131,False
santibe01,5,12,1978,217,1830,NULL,NULL,10955,3,25,NULL,NULL,156,False
rodriiv01,14,29,2543,311,2844,NULL,NULL,14922,4,39,NULL,NULL,296,True
sheffga01,9,9,2576,509,2689,NULL,NULL,3275,6,40,NULL,NULL,83,False
sierrru01,4,3,2186,306,2152,NULL,NULL,2951,5,24,NULL,NULL,12,False
rodrial01,14,31,2784,696,3115,NULL,NULL,2781,13,72,NULL,NULL,62,False
rolensc01,7,13,2038,316,2077,NULL,NULL,1478,5,31,NULL,NULL,24,True
rolliji01,3,7,2275,231,2455,NULL,NULL,2982,3,48,NULL,NULL,66,False
sexsori01,2,0,1367,306,1286,NULL,NULL,9838,0,1,NULL,NULL,33,False
sanchfr01,3,0,904,48,1012,NULL,NULL,1466,0,16,NULL,NULL,23,False
smoltjo01,8,10,735,5,151,3084,213,320,0,12,199,15,14,True
snowjt01,0,6,1716,189,1509,NULL,NULL,12855,3,32,NULL,NULL,205,False
sosasa01,7,16,2354,609,2408,NULL,NULL,4522,2,13,NULL,NULL,30,False
stairma01,0,0,1895,265,1366,NULL,NULL,3159,1,3,NULL,NULL,6,False
steinte01,3,1,1546,162,1453,NULL,NULL,7849,2,25,NULL,NULL,116,False
stottto01,0,2,373,1,50,1587,138,166,0,0,48,3,3,False
soriaal01,7,8,1975,412,2095,NULL,NULL,3456,4,37,NULL,NULL,81,False
strawda01,8,5,1583,335,1401,NULL,NULL,2515,9,32,NULL,NULL,55,False
surhobj01,1,0,2313,188,2326,NULL,NULL,6661,4,24,NULL,NULL,41,False
tettlmi01,2,6,1485,245,1132,NULL,NULL,4951,0,1,NULL,NULL,NULL,False
thomafr04,5,10,2322,521,2468,NULL,NULL,7910,3,11,NULL,NULL,32,True
thomeji01,5,6,2543,612,2328,NULL,NULL,9450,17,49,NULL,NULL,291,True
thompro01,2,3,1304,119,1187,NULL,NULL,2611,3,8,NULL,NULL,25,False
timlimi01,0,1,1059,0,0,872,75,101,0,0,41,0,2,False
sweenmi01,5,1,1454,215,1540,NULL,NULL,6015,0,1,NULL,NULL,NULL,False
tejadmi01,6,5,2171,307,2407,NULL,NULL,3037,1,18,NULL,NULL,34,False
streehu01,2,1,668,0,0,665,42,43,0,0,8,0,0,False
swishni01,1,0,1527,245,1338,1,0,5252,4,26,NULL,NULL,153,False
teixema01,3,9,1862,409,1862,NULL,NULL,14989,3,34,NULL,NULL,376,False
violafr01,3,6,421,0,26,1844,176,84,0,0,25,3,1,False
vaughgr01,4,2,1731,355,1475,NULL,NULL,2518,3,9,NULL,NULL,9,False
vaughmo01,3,3,1512,328,1620,NULL,NULL,10947,2,7,NULL,NULL,57,False
venturo01,2,6,2079,294,1885,0,0,2215,3,22,NULL,NULL,28,False
vizquom01,3,12,2968,80,2877,NULL,NULL,4268,0,57,NULL,NULL,99,False
wakefti01,1,1,630,1,13,2156,200,227,0,0,54,5,5,False
walkela01,5,14,1988,383,2160,NULL,NULL,3976,7,23,NULL,NULL,49,True
weisswa01,1,1,1495,25,1207,NULL,NULL,2056,1,28,NULL,NULL,64,False
wellsda01,3,3,660,0,23,2201,239,149,0,2,83,10,4,False
wettejo01,3,3,618,1,7,804,48,27,0,0,22,0,2,False
whitero02,1,0,1474,198,1519,NULL,NULL,2567,2,6,NULL,NULL,4,False
willibe02,5,8,2076,287,2336,NULL,NULL,4710,22,128,NULL,NULL,275,False
willima04,5,12,1866,378,1878,NULL,NULL,1525,6,47,NULL,NULL,36,False
willimi02,1,0,619,1,3,660,45,14,0,0,8,2,0,False
varitja01,3,3,1546,193,1307,NULL,NULL,10166,11,54,NULL,NULL,459,False
wagnebi02,6,1,854,0,2,1196,47,33,0,0,13,1,0,False
walketo04,0,0,1288,107,1316,NULL,NULL,2239,5,15,NULL,NULL,23,False
williwo02,1,0,443,4,105,1480,132,159,0,2,31,3,5,False
utleych01,6,6,1937,259,1885,NULL,NULL,3728,10,47,NULL,NULL,117,False
valvejo01,3,4,626,0,1,692,27,34,0,0,20,0,1,False
victosh01,2,6,1299,108,1274,NULL,NULL,2613,7,58,NULL,NULL,125,False
weaveje02,3,0,331,0,4,1621,150,103,0,0,28,2,1,False
werthja01,1,0,1583,229,1465,NULL,NULL,2869,15,57,NULL,NULL,125,False
wittbo01,0,0,438,1,9,1955,142,148,0,0,5,0,0,False
younger01,1,2,1730,79,1731,NULL,NULL,3025,2,9,NULL,NULL,8,False
zeileto01,0,0,2158,253,2004,1,0,5257,4,33,NULL,NULL,115,False
womacto01,1,0,1303,36,1353,NULL,NULL,2044,0,33,NULL,NULL,42,False
woodke02,2,1,449,7,59,1582,86,73,1,3,45,2,4,False
youngmi02,7,3,1970,185,2375,NULL,NULL,3090,3,36,NULL,NULL,86,False
zambrca01,3,3,384,24,165,1637,132,168,0,1,27,0,0,False
zitoba01,3,5,434,0,35,1885,165,86,0,2,46,6,1,False
wrighda03,7,6,1585,242,1777,NULL,NULL,1088,2,18,NULL,NULL,29,False
youklke01,3,2,1061,150,1053,NULL,NULL,4923,6,34,NULL,NULL,164,False
allisdo01,0,0,316,2,382,0,0,1328,NULL,NULL,NULL,NULL,NULL,False
barnero01,0,0,499,6,860,0,0,1305,NULL,NULL,NULL,NULL,NULL,False
battijo01,0,0,480,3,439,1,0,908,NULL,NULL,NULL,NULL,NULL,False
becklja01,0,0,2392,87,2938,2,0,23767,NULL,NULL,NULL,NULL,NULL,True
bondto01,0,1,488,0,471,972,234,336,NULL,NULL,NULL,NULL,NULL,False
bentola01,0,2,462,2,122,670,127,93,NULL,NULL,NULL,NULL,NULL,False
barbest01,2,0,466,5,65,1309,121,106,NULL,NULL,NULL,NULL,NULL,False
akerja01,0,1,496,0,7,404,47,65,NULL,NULL,NULL,NULL,NULL,False
abbotji01,0,2,263,0,2,888,87,72,NULL,NULL,NULL,NULL,NULL,False
bellhe01,3,3,590,0,0,637,38,40,NULL,NULL,NULL,NULL,NULL,False
bergema01,0,0,344,10,339,NULL,NULL,1330,NULL,NULL,NULL,NULL,NULL,False
austiji01,0,0,1584,13,1328,NULL,NULL,2260,NULL,NULL,NULL,NULL,NULL,False
bodiepi01,0,0,1051,43,1011,NULL,NULL,1933,NULL,NULL,NULL,NULL,NULL,False
applilu01,7,10,2422,45,2749,NULL,NULL,4674,NULL,NULL,NULL,NULL,NULL,True
bergmo01,0,0,663,6,441,NULL,NULL,1858,NULL,NULL,NULL,NULL,NULL,False
berrych02,0,0,709,23,539,NULL,NULL,2047,NULL,NULL,NULL,NULL,NULL,False
bluelu01,0,0,1615,44,1696,NULL,NULL,15647,NULL,NULL,NULL,NULL,NULL,False
alstowa01,0,0,1,0,0,NULL,NULL,1,NULL,NULL,NULL,NULL,NULL,True
adamsbo03,0,0,1281,37,1082,NULL,NULL,1748,NULL,NULL,NULL,NULL,NULL,False
andersp01,0,0,152,0,104,NULL,NULL,343,NULL,NULL,NULL,NULL,NULL,True
bankser01,14,10,2528,512,2583,NULL,NULL,14206,NULL,NULL,NULL,NULL,NULL,True
allenbe01,0,0,1141,73,815,NULL,NULL,2031,NULL,NULL,NULL,NULL,NULL,False
bailebo01,0,0,1931,189,1564,NULL,NULL,2258,NULL,NULL,NULL,NULL,NULL,False
bartobo01,0,0,393,9,237,NULL,NULL,1986,NULL,NULL,NULL,NULL,NULL,False
beckegl01,4,4,1320,22,1473,NULL,NULL,2712,NULL,NULL,NULL,NULL,NULL,False
bellbu01,5,10,2405,201,2514,NULL,NULL,2196,NULL,NULL,NULL,NULL,NULL,False
berryke01,1,2,1384,58,1053,NULL,NULL,2722,NULL,NULL,NULL,NULL,NULL,False
boccajo01,0,0,551,26,320,NULL,NULL,2477,NULL,NULL,NULL,NULL,NULL,False
brownpe01,0,0,1183,46,1646,0,0,2490,NULL,NULL,NULL,NULL,NULL,False
bradlbi01,0,0,1461,34,1471,0,0,1985,NULL,NULL,NULL,NULL,NULL,False
breitte01,0,0,448,4,291,893,160,329,NULL,NULL,NULL,NULL,NULL,False
buffich01,0,0,586,7,543,1700,233,917,NULL,NULL,NULL,NULL,NULL,False
chaseha01,0,9,1919,57,2158,0,0,18346,NULL,NULL,NULL,NULL,NULL,False
chesbja01,0,0,393,5,217,1265,198,103,NULL,NULL,NULL,NULL,NULL,True
bunniji01,8,2,601,7,213,2855,224,206,NULL,NULL,NULL,NULL,NULL,True
brodist01,0,0,1438,25,1728,NULL,NULL,3172,NULL,NULL,NULL,NULL,NULL,False
briggjo02,0,0,1366,139,1041,NULL,NULL,3389,NULL,NULL,NULL,NULL,NULL,False
brookhu01,2,2,1645,149,1608,NULL,NULL,1935,NULL,NULL,NULL,NULL,NULL,False
chapmra01,0,3,1051,17,1053,NULL,NULL,2358,NULL,NULL,NULL,NULL,NULL,False
cissebi01,0,0,956,29,990,NULL,NULL,2201,NULL,NULL,NULL,NULL,NULL,False
casege01,4,0,1226,21,1415,NULL,NULL,2805,NULL,NULL,NULL,NULL,NULL,False
chapmsa01,1,0,1368,180,1329,NULL,NULL,3727,NULL,NULL,NULL,NULL,NULL,False
brownwi02,0,0,21,1,12,NULL,NULL,41,NULL,NULL,NULL,NULL,NULL,True
callijo01,4,1,1886,226,1757,NULL,NULL,3349,NULL,NULL,NULL,NULL,NULL,False
carrach01,4,0,1325,55,1199,NULL,NULL,2206,NULL,NULL,NULL,NULL,NULL,False
cannich01,1,0,740,18,458,NULL,NULL,3162,NULL,NULL,NULL,NULL,NULL,False
casanpa01,1,1,859,50,627,NULL,NULL,4040,NULL,NULL,NULL,NULL,NULL,False
clarkho01,0,0,1272,27,1230,NULL,NULL,2802,NULL,NULL,NULL,NULL,NULL,False
burnije01,1,0,1694,315,1447,NULL,NULL,2913,NULL,NULL,NULL,NULL,NULL,False
corcola01,0,0,326,2,287,1103,177,232,NULL,NULL,NULL,NULL,NULL,False
cummica01,0,0,246,0,227,259,145,109,NULL,NULL,NULL,NULL,NULL,True
dailyhu01,0,0,167,0,88,846,73,24,NULL,NULL,NULL,NULL,NULL,False
coopewi01,0,5,521,6,293,1252,216,102,NULL,NULL,NULL,NULL,NULL,False
colavro01,9,1,1841,374,1730,2,1,3407,NULL,NULL,NULL,NULL,NULL,True
colboji01,1,0,302,0,4,688,83,114,NULL,NULL,NULL,NULL,NULL,False
culpra01,2,0,322,1,74,1411,122,135,NULL,NULL,NULL,NULL,NULL,False
darwida01,0,0,722,2,39,1942,171,184,NULL,NULL,NULL,NULL,NULL,False
davisma01,2,5,625,1,26,1007,51,29,NULL,NULL,NULL,NULL,NULL,False
dunnja01,0,0,491,1,397,171,64,574,NULL,NULL,NULL,NULL,NULL,False
doakbi01,0,0,453,1,115,1014,169,103,NULL,NULL,NULL,NULL,NULL,False
dierkla01,2,0,357,4,107,1493,139,152,NULL,NULL,NULL,NULL,NULL,False
deshaji01,0,0,258,0,33,951,84,45,NULL,NULL,NULL,NULL,NULL,False
dunnad01,2,0,2001,462,1631,0,0,6002,NULL,NULL,NULL,NULL,NULL,False
corcoto01,0,0,2205,34,2259,NULL,NULL,4829,NULL,NULL,NULL,NULL,NULL,False
conrowi01,0,0,1379,22,1257,NULL,NULL,2432,NULL,NULL,NULL,NULL,NULL,False
connoto01,0,0,50,0,26,NULL,NULL,57,NULL,NULL,NULL,NULL,NULL,True
cruiswa01,0,0,737,30,644,NULL,NULL,1314,NULL,NULL,NULL,NULL,NULL,False
cuccito01,3,1,1704,94,1729,NULL,NULL,3292,NULL,NULL,NULL,NULL,NULL,False
conlajo01,0,0,128,0,96,NULL,NULL,193,NULL,NULL,NULL,NULL,NULL,True
courtcl01,0,0,946,38,750,NULL,NULL,3556,NULL,NULL,NULL,NULL,NULL,False
coxbo01,0,0,220,9,141,NULL,NULL,148,NULL,NULL,NULL,NULL,NULL,True
delahed01,0,0,1837,101,2597,NULL,NULL,6076,NULL,NULL,NULL,NULL,NULL,True
doyleja01,0,0,1568,25,1811,NULL,NULL,11523,NULL,NULL,NULL,NULL,NULL,False
dooinre01,0,2,1291,10,961,NULL,NULL,5535,NULL,NULL,NULL,NULL,NULL,False
dressch01,0,0,646,11,603,NULL,NULL,526,NULL,NULL,NULL,NULL,NULL,False
dropowa01,1,3,1288,152,1113,NULL,NULL,9173,NULL,NULL,NULL,NULL,NULL,False
donaljo01,0,0,405,4,292,NULL,NULL,664,NULL,NULL,NULL,NULL,NULL,False
disarga01,1,0,1086,28,966,NULL,NULL,1648,NULL,NULL,NULL,NULL,NULL,False
emslibo01,0,0,95,0,66,362,44,51,NULL,NULL,NULL,NULL,NULL,False
galvipu01,0,0,731,5,552,1807,365,378,NULL,NULL,NULL,NULL,NULL,True
falkecy01,0,1,332,1,117,1164,130,100,NULL,NULL,NULL,NULL,NULL,False
frasech01,0,0,459,3,235,1098,175,374,NULL,NULL,NULL,NULL,NULL,False
dyered01,0,0,129,2,35,63,15,31,NULL,NULL,NULL,NULL,NULL,False
ellioju01,0,0,253,4,68,453,63,32,NULL,NULL,NULL,NULL,NULL,False
ferrewe01,2,10,548,38,329,985,193,153,NULL,NULL,NULL,NULL,NULL,False
fonsele01,0,1,937,31,1075,0,0,4799,NULL,NULL,NULL,NULL,NULL,False
fisheed02,1,1,690,0,30,812,85,107,NULL,NULL,NULL,NULL,NULL,False
garvene01,1,0,458,7,180,881,129,203,NULL,NULL,NULL,NULL,NULL,False
glassja01,0,0,1737,27,2041,3,0,3165,NULL,NULL,NULL,NULL,NULL,False
gleaski01,0,0,1966,15,1946,744,138,4237,NULL,NULL,NULL,NULL,NULL,False
gladdfr01,0,0,450,0,1,394,48,33,NULL,NULL,NULL,NULL,NULL,False
elberki01,0,0,1291,10,1235,NULL,NULL,2681,NULL,NULL,NULL,NULL,NULL,False
flickel01,0,0,1484,48,1752,NULL,NULL,2406,NULL,NULL,NULL,NULL,NULL,True
fosteed02,0,0,1501,6,1490,NULL,NULL,1845,NULL,NULL,NULL,NULL,NULL,False
ensje01,0,0,67,1,54,NULL,NULL,149,NULL,NULL,NULL,NULL,NULL,False
ferreri01,8,0,1884,28,1692,NULL,NULL,7248,NULL,NULL,NULL,NULL,NULL,True
edwarha01,0,0,735,51,613,NULL,NULL,1039,NULL,NULL,NULL,NULL,NULL,False
fregoji01,6,3,1902,151,1726,NULL,NULL,3805,NULL,NULL,NULL,NULL,NULL,False
gastoci01,1,0,1026,91,799,NULL,NULL,1554,NULL,NULL,NULL,NULL,NULL,False
griffcl01,0,0,485,8,321,955,237,201,NULL,NULL,NULL,NULL,NULL,True
hahnno01,0,0,244,2,129,917,130,109,NULL,NULL,NULL,NULL,NULL,False
hardeme01,4,2,584,4,199,1160,223,209,NULL,NULL,NULL,NULL,NULL,False
gormato01,0,0,4,0,0,2,0,0,NULL,NULL,NULL,NULL,NULL,False
groveor01,1,0,207,1,48,374,63,72,NULL,NULL,NULL,NULL,NULL,False
hollabi02,0,0,3,0,0,2,0,0,NULL,NULL,NULL,NULL,NULL,False
handsbi01,0,0,374,0,37,1128,111,140,NULL,NULL,NULL,NULL,NULL,False
hickmji02,1,0,1421,159,1002,0,0,3947,NULL,NULL,NULL,NULL,NULL,False
hamilbi01,0,0,1594,40,2164,NULL,NULL,3453,NULL,NULL,NULL,NULL,NULL,True
hinchbi01,0,0,908,20,793,NULL,NULL,1900,NULL,NULL,NULL,NULL,NULL,False
hargrbu01,0,0,853,29,786,NULL,NULL,2420,NULL,NULL,NULL,NULL,NULL,False
heilmha01,0,2,2146,183,2660,NULL,NULL,7199,NULL,NULL,NULL,NULL,NULL,True
haneyfr01,0,0,624,8,544,NULL,NULL,808,NULL,NULL,NULL,NULL,NULL,False
hermaba01,0,0,1553,181,1818,NULL,NULL,4376,NULL,NULL,NULL,NULL,NULL,False
gustifr01,3,0,1261,38,1214,NULL,NULL,2243,NULL,NULL,NULL,NULL,NULL,False
heathje01,2,4,1383,194,1447,NULL,NULL,2705,NULL,NULL,NULL,NULL,NULL,False
hattogr01,1,0,1312,91,1068,NULL,NULL,1492,NULL,NULL,NULL,NULL,NULL,False
hemusso01,0,0,961,51,736,NULL,NULL,1240,NULL,NULL,NULL,NULL,NULL,False
herzowh01,0,0,634,25,414,NULL,NULL,1016,NULL,NULL,NULL,NULL,NULL,True
gosgeji01,0,0,706,30,411,NULL,NULL,1162,NULL,NULL,NULL,NULL,NULL,False
harrato01,4,1,2155,195,1954,NULL,NULL,2530,NULL,NULL,NULL,NULL,NULL,False
hislela01,2,2,1197,166,1146,NULL,NULL,2213,NULL,NULL,NULL,NULL,NULL,False
hargrmi01,1,1,1666,80,1614,NULL,NULL,11603,NULL,NULL,NULL,NULL,NULL,False
harrivi01,0,0,579,13,349,NULL,NULL,945,NULL,NULL,NULL,NULL,NULL,False
higgibo02,0,0,1362,187,1336,NULL,NULL,2588,NULL,NULL,NULL,NULL,NULL,False
jacksla01,5,0,599,2,170,1709,194,257,NULL,NULL,NULL,NULL,NULL,False
kilroma01,0,0,330,1,236,1170,141,184,NULL,NULL,NULL,NULL,NULL,False
jossad01,0,1,296,1,118,920,160,185,NULL,NULL,NULL,NULL,NULL,True
kressre01,0,1,1392,89,1454,6,0,3987,NULL,NULL,NULL,NULL,NULL,False
kindeel01,0,2,484,1,63,749,102,52,NULL,NULL,NULL,NULL,NULL,False
jenkife01,3,5,665,13,148,3192,284,363,NULL,NULL,NULL,NULL,NULL,True
krausle02,0,0,334,6,47,721,68,84,NULL,NULL,NULL,NULL,NULL,False
jonesra01,2,4,319,0,79,735,100,114,NULL,NULL,NULL,NULL,NULL,False
hoydu01,0,0,1797,40,2048,NULL,NULL,3965,NULL,NULL,NULL,NULL,NULL,False
huggimi01,0,0,1594,9,1474,NULL,NULL,3450,NULL,NULL,NULL,NULL,NULL,True
irwinch01,0,0,991,16,986,NULL,NULL,1473,NULL,NULL,NULL,NULL,NULL,False
hundlra01,1,1,1061,82,813,NULL,NULL,5765,NULL,NULL,NULL,NULL,NULL,False
huntro01,2,1,1483,39,1429,NULL,NULL,2822,NULL,NULL,NULL,NULL,NULL,False
jennihu01,0,0,1286,18,1526,NULL,NULL,5576,NULL,NULL,NULL,NULL,NULL,True
jordati01,0,0,543,32,474,NULL,NULL,5134,NULL,NULL,NULL,NULL,NULL,False
keelewi01,0,0,2122,33,2932,NULL,NULL,3170,NULL,NULL,NULL,NULL,NULL,True
kellejo01,0,0,1852,65,2220,NULL,NULL,5562,NULL,NULL,NULL,NULL,NULL,True
knabeot01,0,0,1281,8,1103,NULL,NULL,2755,NULL,NULL,NULL,NULL,NULL,False
lajoina01,0,5,2480,82,3243,NULL,NULL,8520,NULL,NULL,NULL,NULL,NULL,True
kammwi01,0,4,1693,29,1643,NULL,NULL,2151,NULL,NULL,NULL,NULL,NULL,False
johnsbo01,8,1,1863,288,2051,NULL,NULL,4416,NULL,NULL,NULL,NULL,NULL,False
kellge01,10,13,1795,78,2054,NULL,NULL,2390,NULL,NULL,NULL,NULL,NULL,True
jethrsa01,0,1,442,49,460,NULL,NULL,1125,NULL,NULL,NULL,NULL,NULL,False
kinerra01,6,10,1472,369,1451,NULL,NULL,3431,NULL,NULL,NULL,NULL,NULL,True
johnsal01,1,0,1322,78,1331,NULL,NULL,1641,NULL,NULL,NULL,NULL,NULL,False
kessido01,6,6,2078,14,1931,NULL,NULL,3292,NULL,NULL,NULL,NULL,NULL,False
kellyto01,0,0,49,1,23,NULL,NULL,360,NULL,NULL,NULL,NULL,NULL,False
jonesja05,0,0,40,3,23,NULL,NULL,44,NULL,NULL,NULL,NULL,NULL,False
lynchto02,0,0,1,0,0,2,0,2,NULL,NULL,NULL,NULL,NULL,False
lucasre01,0,2,908,3,404,602,157,125,NULL,NULL,NULL,NULL,NULL,False
lyonste01,1,8,704,5,364,1073,260,219,NULL,NULL,NULL,NULL,NULL,True
leonadu02,5,2,640,0,177,1170,191,174,NULL,NULL,NULL,NULL,NULL,False
lasorto01,0,1,27,0,1,37,0,3,NULL,NULL,NULL,NULL,NULL,True
lockebo01,0,0,168,1,25,194,16,39,NULL,NULL,NULL,NULL,NULL,False
linzyfr01,0,0,516,1,18,358,62,51,NULL,NULL,NULL,NULL,NULL,False
martimo01,0,0,250,0,28,245,38,18,NULL,NULL,NULL,NULL,NULL,False
mcdanli01,2,2,988,3,56,1361,141,127,NULL,NULL,NULL,NULL,NULL,False
mcdowsa01,6,2,429,2,119,2453,141,80,NULL,NULL,NULL,NULL,NULL,False
mackco01,0,0,724,5,659,NULL,NULL,3321,NULL,NULL,NULL,NULL,NULL,True
langebi01,0,0,813,39,1056,NULL,NULL,2117,NULL,NULL,NULL,NULL,NULL,False
loberha01,0,2,1321,32,1252,NULL,NULL,1775,NULL,NULL,NULL,NULL,NULL,False
leachfr01,0,0,991,72,1147,NULL,NULL,2189,NULL,NULL,NULL,NULL,NULL,False
lopezal01,2,3,1950,51,1547,NULL,NULL,6654,NULL,NULL,NULL,NULL,NULL,True
larusto01,0,0,132,0,35,NULL,NULL,112,NULL,NULL,NULL,NULL,NULL,True
martibi01,0,0,1,0,0,NULL,NULL,0,NULL,NULL,NULL,NULL,NULL,False
mauchge01,0,0,305,5,176,NULL,NULL,452,NULL,NULL,NULL,NULL,NULL,False
mayje01,0,0,556,15,357,NULL,NULL,2649,NULL,NULL,NULL,NULL,NULL,False
mcguide01,0,0,1783,45,1750,1,0,7743,NULL,NULL,NULL,NULL,NULL,False
mcgunbi01,0,0,56,0,35,65,11,70,NULL,NULL,NULL,NULL,NULL,False
mcveyca01,0,0,530,11,869,37,10,2690,NULL,NULL,NULL,NULL,NULL,False
mullato01,0,0,784,8,661,1803,284,916,NULL,NULL,NULL,NULL,NULL,False
mungova01,5,0,410,0,174,1242,120,100,NULL,NULL,NULL,NULL,NULL,False
mulcahu01,1,0,223,0,64,314,45,75,NULL,NULL,NULL,NULL,NULL,False
mcgloly01,1,0,320,0,79,939,86,98,NULL,NULL,NULL,NULL,NULL,False
montgje01,3,2,700,0,0,733,46,86,NULL,NULL,NULL,NULL,NULL,False
oeschjo01,0,0,366,0,99,535,82,64,NULL,NULL,NULL,NULL,NULL,False
mcphebi01,0,0,2138,53,2258,NULL,NULL,6556,NULL,NULL,NULL,NULL,NULL,True
mcgrajo01,0,0,1105,13,1309,NULL,NULL,1408,NULL,NULL,NULL,NULL,NULL,True
mckecbi01,0,0,847,8,713,NULL,NULL,1626,NULL,NULL,NULL,NULL,NULL,True
milancl01,0,0,1983,17,2100,NULL,NULL,4095,NULL,NULL,NULL,NULL,NULL,False
moranch01,0,0,268,1,201,NULL,NULL,448,NULL,NULL,NULL,NULL,NULL,False
mcmanma01,0,0,1831,120,1926,NULL,NULL,4100,NULL,NULL,NULL,NULL,NULL,False
montaed01,0,0,221,2,161,NULL,NULL,352,NULL,NULL,NULL,NULL,NULL,False
mostijo01,0,3,972,23,1054,NULL,NULL,2588,NULL,NULL,NULL,NULL,NULL,False
murtada01,0,0,767,8,661,NULL,NULL,1837,NULL,NULL,NULL,NULL,NULL,False
mcmilro01,2,3,2093,68,1639,NULL,NULL,3722,NULL,NULL,NULL,NULL,NULL,False
minosmi01,9,5,1835,186,1963,NULL,NULL,3416,NULL,NULL,NULL,NULL,NULL,True
meltobi01,1,0,1144,160,1004,NULL,NULL,1178,NULL,NULL,NULL,NULL,NULL,False
milleno01,0,0,540,24,325,NULL,NULL,570,NULL,NULL,NULL,NULL,NULL,False
montawi01,1,1,1632,139,1604,NULL,NULL,10764,NULL,NULL,NULL,NULL,NULL,False
murreiv01,0,0,564,33,308,NULL,NULL,921,NULL,NULL,NULL,NULL,NULL,False
northro01,0,0,1084,108,874,NULL,NULL,1363,NULL,NULL,NULL,NULL,NULL,False
paborch01,0,0,170,0,204,0,1,338,NULL,NULL,NULL,NULL,NULL,False
powelab01,0,0,78,0,78,97,8,85,NULL,NULL,NULL,NULL,NULL,False
peitzhe01,0,0,1238,16,1117,3,0,4696,NULL,NULL,NULL,NULL,NULL,False
powelja01,0,0,585,8,309,1621,245,135,NULL,NULL,NULL,NULL,NULL,False
raymobu01,0,0,135,0,42,401,45,37,NULL,NULL,NULL,NULL,NULL,False
perduhu01,0,0,161,0,42,317,51,22,NULL,NULL,NULL,NULL,NULL,False
pruethu01,0,0,211,0,36,357,29,41,NULL,NULL,NULL,NULL,NULL,False
parneme01,2,3,293,1,132,732,123,69,NULL,NULL,NULL,NULL,NULL,False
portebo01,1,2,322,6,95,572,87,80,NULL,NULL,NULL,NULL,NULL,False
ramospe01,1,0,696,15,109,1305,117,146,NULL,NULL,NULL,NULL,NULL,False
rayji01,0,0,309,0,16,407,43,26,NULL,NULL,NULL,NULL,NULL,False
pikeli01,0,0,424,21,638,NULL,NULL,823,NULL,NULL,NULL,NULL,NULL,False
reachal01,0,0,83,0,97,NULL,NULL,218,NULL,NULL,NULL,NULL,NULL,False
remseja01,0,0,577,9,573,NULL,NULL,1319,NULL,NULL,NULL,NULL,NULL,False
perkicy01,0,1,1171,30,933,NULL,NULL,3828,NULL,NULL,NULL,NULL,NULL,False
pinelba01,0,0,775,5,723,NULL,NULL,931,NULL,NULL,NULL,NULL,NULL,False
powervi01,6,7,1627,126,1716,NULL,NULL,10833,NULL,NULL,NULL,NULL,NULL,False
raderdo02,0,5,1465,155,1302,NULL,NULL,1526,NULL,NULL,NULL,NULL,NULL,False
reichri01,0,0,997,116,864,NULL,NULL,1621,NULL,NULL,NULL,NULL,NULL,False
rayjo01,1,2,1353,53,1502,NULL,NULL,2757,NULL,NULL,NULL,NULL,NULL,False
remyje01,1,0,1154,7,1226,NULL,NULL,2293,NULL,NULL,NULL,NULL,NULL,False
richmle01,0,0,251,3,262,552,75,121,NULL,NULL,NULL,NULL,NULL,False
richajr01,1,0,239,10,93,1493,107,113,NULL,NULL,NULL,NULL,NULL,False
rusieam01,0,1,487,8,429,1950,246,200,NULL,NULL,NULL,NULL,NULL,True
seymocy01,0,0,1530,52,1724,591,61,2952,NULL,NULL,NULL,NULL,NULL,False
sislege01,0,16,2054,102,2812,63,5,18914,NULL,NULL,NULL,NULL,NULL,True
schacal01,0,0,53,0,10,38,14,13,NULL,NULL,NULL,NULL,NULL,False
sewelri01,4,3,423,6,152,636,143,142,NULL,NULL,NULL,NULL,NULL,False
shortch02,2,0,506,0,88,1629,135,112,NULL,NULL,NULL,NULL,NULL,False
selmadi01,0,0,324,0,35,681,42,52,NULL,NULL,NULL,NULL,NULL,False
siebeso01,2,0,405,12,114,1512,140,159,NULL,NULL,NULL,NULL,NULL,False
singebi01,2,0,324,0,45,1515,118,95,NULL,NULL,NULL,NULL,NULL,False
rickebr01,0,0,120,3,82,NULL,NULL,395,NULL,NULL,NULL,NULL,NULL,True
roberbr01,2,1,1418,97,1527,NULL,NULL,2268,NULL,NULL,NULL,NULL,NULL,False
robinwi01,0,0,1371,18,1388,NULL,NULL,5408,NULL,NULL,NULL,NULL,NULL,True
sauerha01,2,3,1399,288,1278,NULL,NULL,2711,NULL,NULL,NULL,NULL,NULL,False
runnepe01,5,0,1799,49,1854,NULL,NULL,7353,NULL,NULL,NULL,NULL,NULL,False
santoro01,9,11,2243,342,2254,NULL,NULL,2100,NULL,NULL,NULL,NULL,NULL,True
sievero01,5,1,1887,318,1703,NULL,NULL,9064,NULL,NULL,NULL,NULL,NULL,False
schaapa01,0,0,1128,57,869,NULL,NULL,775,NULL,NULL,NULL,NULL,NULL,False
seguida01,0,0,1456,139,1412,NULL,NULL,8618,NULL,NULL,NULL,NULL,NULL,False
spaldal01,0,0,411,2,613,248,251,789,NULL,NULL,NULL,NULL,NULL,True
sparktu01,0,0,314,0,92,780,121,107,NULL,NULL,NULL,NULL,NULL,False
stallge01,0,0,7,0,2,NULL,NULL,31,NULL,NULL,NULL,NULL,NULL,False
stoveha01,0,0,1489,122,1775,7,0,7527,NULL,NULL,NULL,NULL,NULL,False
smallro01,0,0,872,61,601,NULL,NULL,1464,NULL,NULL,NULL,NULL,NULL,False
stantmi01,0,0,277,0,1,304,13,28,NULL,NULL,NULL,NULL,NULL,False
stearjo01,4,0,810,46,696,NULL,NULL,4059,NULL,NULL,NULL,NULL,NULL,False
stephjo03,0,0,12,0,0,56,2,2,NULL,NULL,NULL,NULL,NULL,False
tennefr01,0,0,6,0,2,36,3,2,NULL,NULL,NULL,NULL,NULL,False
streega01,0,1,505,2,312,NULL,NULL,2391,NULL,NULL,NULL,NULL,NULL,False
sweenbi02,0,0,1043,11,1004,NULL,NULL,2357,NULL,NULL,NULL,NULL,NULL,False
tanneje01,0,0,508,5,361,944,197,267,NULL,NULL,NULL,NULL,NULL,False
tennefr02,0,1,1994,22,2231,0,0,18278,NULL,NULL,NULL,NULL,NULL,False
turnete01,0,0,1659,8,1499,NULL,NULL,2589,NULL,NULL,NULL,NULL,NULL,False
tobinja01,0,0,1622,64,1906,NULL,NULL,2632,NULL,NULL,NULL,NULL,NULL,False
suhrgu01,1,1,1435,84,1446,NULL,NULL,13104,NULL,NULL,NULL,NULL,NULL,False
sukefcl01,0,0,488,2,326,NULL,NULL,1041,NULL,NULL,NULL,NULL,NULL,False
travice01,3,3,1328,27,1544,NULL,NULL,1946,NULL,NULL,NULL,NULL,NULL,False
troskha01,0,0,1347,228,1561,NULL,NULL,12125,NULL,NULL,NULL,NULL,NULL,False
tannech01,0,0,396,21,231,NULL,NULL,340,NULL,NULL,NULL,NULL,NULL,False
templjo01,6,0,1420,22,1484,NULL,NULL,3213,NULL,NULL,NULL,NULL,NULL,False
torboje01,0,0,574,8,297,NULL,NULL,2998,NULL,NULL,NULL,NULL,NULL,False
torrejo01,9,9,2209,252,2342,NULL,NULL,11618,NULL,NULL,NULL,NULL,NULL,True
thornan01,2,3,1565,253,1342,NULL,NULL,6239,NULL,NULL,NULL,NULL,NULL,False
tartada01,1,0,1406,262,1366,NULL,NULL,1659,NULL,NULL,NULL,NULL,NULL,False
tewksbo01,1,0,304,0,50,812,110,138,NULL,NULL,NULL,NULL,NULL,False
vanhage01,0,0,1990,69,2544,281,40,3761,NULL,NULL,NULL,NULL,NULL,False
weyhigu01,0,0,554,3,308,1667,264,220,NULL,NULL,NULL,NULL,NULL,False
whitebi01,0,0,1,0,1,NULL,NULL,12,NULL,NULL,NULL,NULL,NULL,False
whitewi01,0,0,403,1,271,1041,229,118,NULL,NULL,NULL,NULL,NULL,False
whitnji01,0,0,550,18,559,1571,191,492,NULL,NULL,NULL,NULL,NULL,False
wadderu01,0,2,410,4,172,2316,193,176,NULL,NULL,NULL,NULL,NULL,True
wallabo01,0,2,2381,34,2309,120,24,4918,NULL,NULL,NULL,NULL,NULL,True
willicy01,0,3,2003,251,1981,NULL,NULL,4180,NULL,NULL,NULL,NULL,NULL,False
willike01,0,0,1398,196,1552,NULL,NULL,2956,NULL,NULL,NULL,NULL,NULL,False
westsa01,4,2,1753,75,1838,NULL,NULL,4528,NULL,NULL,NULL,NULL,NULL,False
valoel01,0,0,1806,58,1420,NULL,NULL,2769,NULL,NULL,NULL,NULL,NULL,False
vernomi01,7,2,2409,172,2495,NULL,NULL,19819,NULL,NULL,NULL,NULL,NULL,False
whiteha01,0,0,337,0,37,349,46,68,NULL,NULL,NULL,NULL,NULL,False
valenel01,1,1,894,123,881,NULL,NULL,1570,NULL,NULL,NULL,NULL,NULL,False
wellsve01,3,7,1731,270,1794,NULL,NULL,3732,NULL,NULL,NULL,NULL,NULL,False
winnra01,1,0,1717,110,1759,NULL,NULL,3687,NULL,NULL,NULL,NULL,NULL,False
wrighge01,0,0,591,11,866,1,0,901,NULL,NULL,NULL,NULL,NULL,True
wrighha01,0,0,180,4,224,6,4,234,NULL,NULL,NULL,NULL,NULL,True
youngpe01,0,0,731,32,645,NULL,NULL,1503,NULL,NULL,NULL,NULL,NULL,False
woodwi01,3,3,651,0,27,1411,164,84,NULL,NULL,NULL,NULL,NULL,False
adamsdo99,0,0,NULL,NULL,NULL,NULL,NULL,NULL,NULL,NULL,NULL,NULL,NULL,False
allenne02,0,0,NULL,NULL,NULL,NULL,NULL,NULL,NULL,NULL,NULL,NULL,NULL,False
autryge99,0,0,NULL,NULL,NULL,NULL,NULL,NULL,NULL,NULL,NULL,NULL,NULL,False
ballale99,0,0,NULL,NULL,NULL,NULL,NULL,NULL,NULL,NULL,NULL,NULL,NULL,False
barlial99,0,0,NULL,NULL,NULL,NULL,NULL,NULL,NULL,NULL,NULL,NULL,NULL,True
barroed99,0,0,NULL,NULL,NULL,NULL,NULL,NULL,NULL,NULL,NULL,NULL,NULL,True
bavasbu99,0,0,NULL,NULL,NULL,NULL,NULL,NULL,NULL,NULL,NULL,NULL,NULL,False
beckwjo02,0,0,NULL,NULL,NULL,NULL,NULL,NULL,NULL,NULL,NULL,NULL,NULL,False
bellco99,0,0,NULL,NULL,NULL,NULL,NULL,NULL,NULL,NULL,NULL,NULL,NULL,True
bellwi01,0,0,NULL,NULL,NULL,NULL,NULL,NULL,NULL,NULL,NULL,NULL,NULL,False
breadsa99,0,0,NULL,NULL,NULL,NULL,NULL,NULL,NULL,NULL,NULL,NULL,NULL,False
brewech02,0,0,NULL,NULL,NULL,NULL,NULL,NULL,NULL,NULL,NULL,NULL,NULL,False
bronfch99,0,0,NULL,NULL,NULL,NULL,NULL,NULL,NULL,NULL,NULL,NULL,NULL,False
brownra99,0,0,NULL,NULL,NULL,NULL,NULL,NULL,NULL,NULL,NULL,NULL,NULL,True
brushjo99,0,0,NULL,NULL,NULL,NULL,NULL,NULL,NULL,NULL,NULL,NULL,NULL,False
bulkemo99,0,0,NULL,NULL,NULL,NULL,NULL,NULL,NULL,NULL,NULL,NULL,NULL,True
buschgu99,0,0,NULL,NULL,NULL,NULL,NULL,NULL,NULL,NULL,NULL,NULL,NULL,False
bushge99,0,0,NULL,NULL,NULL,NULL,NULL,NULL,NULL,NULL,NULL,NULL,NULL,False
byrdbi01,0,0,NULL,NULL,NULL,NULL,NULL,NULL,NULL,NULL,NULL,NULL,NULL,False
cartwal99,0,0,NULL,NULL,NULL,NULL,NULL,NULL,NULL,NULL,NULL,NULL,NULL,True
chadwhe99,0,0,NULL,NULL,NULL,NULL,NULL,NULL,NULL,NULL,NULL,NULL,NULL,True
chandha99,0,0,NULL,NULL,NULL,NULL,NULL,NULL,NULL,NULL,NULL,NULL,NULL,True
charlos99,0,0,NULL,NULL,NULL,NULL,NULL,NULL,NULL,NULL,NULL,NULL,NULL,True
chylane99,0,0,NULL,NULL,NULL,NULL,NULL,NULL,NULL,NULL,NULL,NULL,NULL,True
connoto99,0,0,NULL,NULL,NULL,NULL,NULL,NULL,NULL,NULL,NULL,NULL,NULL,True
coopean99,0,0,NULL,NULL,NULL,NULL,NULL,NULL,NULL,NULL,NULL,NULL,NULL,True
daltoha99,0,0,NULL,NULL,NULL,NULL,NULL,NULL,NULL,NULL,NULL,NULL,NULL,False
dandrra99,0,0,NULL,NULL,NULL,NULL,NULL,NULL,NULL,NULL,NULL,NULL,NULL,True
dayle99,0,0,NULL,NULL,NULL,NULL,NULL,NULL,NULL,NULL,NULL,NULL,NULL,True
demosbi01,0,0,NULL,NULL,NULL,NULL,NULL,NULL,NULL,NULL,NULL,NULL,NULL,False
devinbi99,0,0,NULL,NULL,NULL,NULL,NULL,NULL,NULL,NULL,NULL,NULL,NULL,False
dihigma99,0,0,NULL,NULL,NULL,NULL,NULL,NULL,NULL,NULL,NULL,NULL,NULL,True
dixonra01,0,0,NULL,NULL,NULL,NULL,NULL,NULL,NULL,NULL,NULL,NULL,NULL,False
dreyfba99,0,0,NULL,NULL,NULL,NULL,NULL,NULL,NULL,NULL,NULL,NULL,NULL,True
evansbi99,0,0,NULL,NULL,NULL,NULL,NULL,NULL,NULL,NULL,NULL,NULL,NULL,True
feenech99,0,0,NULL,NULL,NULL,NULL,NULL,NULL,NULL,NULL,NULL,NULL,NULL,False
fetzejo99,0,0,NULL,NULL,NULL,NULL,NULL,NULL,NULL,NULL,NULL,NULL,NULL,False
finlech99,0,0,NULL,NULL,NULL,NULL,NULL,NULL,NULL,NULL,NULL,NULL,NULL,False
fostebi99,0,0,NULL,NULL,NULL,NULL,NULL,NULL,NULL,NULL,NULL,NULL,NULL,True
fosteru99,0,0,NULL,NULL,NULL,NULL,NULL,NULL,NULL,NULL,NULL,NULL,NULL,True
fowlebu99,0,0,NULL,NULL,NULL,NULL,NULL,NULL,NULL,NULL,NULL,NULL,NULL,True
frickfo99,0,0,NULL,NULL,NULL,NULL,NULL,NULL,NULL,NULL,NULL,NULL,NULL,True
gaffnjo99,0,0,NULL,NULL,NULL,NULL,NULL,NULL,NULL,NULL,NULL,NULL,NULL,False
galbrjo99,0,0,NULL,NULL,NULL,NULL,NULL,NULL,NULL,NULL,NULL,NULL,NULL,False
gardnje02,0,0,NULL,NULL,NULL,NULL,NULL,NULL,NULL,NULL,NULL,NULL,NULL,False
gibsojo99,0,0,NULL,NULL,NULL,NULL,NULL,NULL,NULL,NULL,NULL,NULL,NULL,True
gileswa99,0,0,NULL,NULL,NULL,NULL,NULL,NULL,NULL,NULL,NULL,NULL,NULL,True
gillipa99,0,0,NULL,NULL,NULL,NULL,NULL,NULL,NULL,NULL,NULL,NULL,NULL,True
goetzla99,0,0,NULL,NULL,NULL,NULL,NULL,NULL,NULL,NULL,NULL,NULL,NULL,False
grantfr99,0,0,NULL,NULL,NULL,NULL,NULL,NULL,NULL,NULL,NULL,NULL,NULL,True
griffca99,0,0,NULL,NULL,NULL,NULL,NULL,NULL,NULL,NULL,NULL,NULL,NULL,False
harriwi99,0,0,NULL,NULL,NULL,NULL,NULL,NULL,NULL,NULL,NULL,NULL,NULL,True
harvedo99,0,0,NULL,NULL,NULL,NULL,NULL,NULL,NULL,NULL,NULL,NULL,NULL,True
herrmau99,0,0,NULL,NULL,NULL,NULL,NULL,NULL,NULL,NULL,NULL,NULL,NULL,False
heydljo99,0,0,NULL,NULL,NULL,NULL,NULL,NULL,NULL,NULL,NULL,NULL,NULL,False
hillpe99,0,0,NULL,NULL,NULL,NULL,NULL,NULL,NULL,NULL,NULL,NULL,NULL,True
howsabo99,0,0,NULL,NULL,NULL,NULL,NULL,NULL,NULL,NULL,NULL,NULL,NULL,False
hubbaca99,0,0,NULL,NULL,NULL,NULL,NULL,NULL,NULL,NULL,NULL,NULL,NULL,True
hughesa01,0,0,NULL,NULL,NULL,NULL,NULL,NULL,NULL,NULL,NULL,NULL,NULL,False
mackebi99,0,0,NULL,NULL,NULL,NULL,NULL,NULL,NULL,NULL,NULL,NULL,NULL,True
macphla99,0,0,NULL,NULL,NULL,NULL,NULL,NULL,NULL,NULL,NULL,NULL,NULL,True
macphle99,0,0,NULL,NULL,NULL,NULL,NULL,NULL,NULL,NULL,NULL,NULL,NULL,True
malarda01,0,0,NULL,NULL,NULL,NULL,NULL,NULL,NULL,NULL,NULL,NULL,NULL,False
manleef99,0,0,NULL,NULL,NULL,NULL,NULL,NULL,NULL,NULL,NULL,NULL,NULL,True
marceol01,0,0,NULL,NULL,NULL,NULL,NULL,NULL,NULL,NULL,NULL,NULL,NULL,False
hulbewi99,0,0,NULL,NULL,NULL,NULL,NULL,NULL,NULL,NULL,NULL,NULL,NULL,True
hurstti99,0,0,NULL,NULL,NULL,NULL,NULL,NULL,NULL,NULL,NULL,NULL,NULL,False
jenkifa01,0,0,NULL,NULL,NULL,NULL,NULL,NULL,NULL,NULL,NULL,NULL,NULL,False
johnsba99,0,0,NULL,NULL,NULL,NULL,NULL,NULL,NULL,NULL,NULL,NULL,NULL,True
johnsgr02,0,0,NULL,NULL,NULL,NULL,NULL,NULL,NULL,NULL,NULL,NULL,NULL,False
johnsju99,0,0,NULL,NULL,NULL,NULL,NULL,NULL,NULL,NULL,NULL,NULL,NULL,True
kauffew99,0,0,NULL,NULL,NULL,NULL,NULL,NULL,NULL,NULL,NULL,NULL,NULL,False
kellyho99,0,0,NULL,NULL,NULL,NULL,NULL,NULL,NULL,NULL,NULL,NULL,NULL,False
klembi99,0,0,NULL,NULL,NULL,NULL,NULL,NULL,NULL,NULL,NULL,NULL,NULL,True
kuhnbo99,0,0,NULL,NULL,NULL,NULL,NULL,NULL,NULL,NULL,NULL,NULL,NULL,True
landike99,0,0,NULL,NULL,NULL,NULL,NULL,NULL,NULL,NULL,NULL,NULL,NULL,True
lanefr99,0,0,NULL,NULL,NULL,NULL,NULL,NULL,NULL,NULL,NULL,NULL,NULL,False
leonabu99,0,0,NULL,NULL,NULL,NULL,NULL,NULL,NULL,NULL,NULL,NULL,NULL,True
leylaji99,0,0,NULL,NULL,NULL,NULL,NULL,NULL,NULL,NULL,NULL,NULL,NULL,True
lloydpo99,0,0,NULL,NULL,NULL,NULL,NULL,NULL,NULL,NULL,NULL,NULL,NULL,True
lundydi01,0,0,NULL,NULL,NULL,NULL,NULL,NULL,NULL,NULL,NULL,NULL,NULL,False
mccarjo99,0,0,NULL,NULL,NULL,NULL,NULL,NULL,NULL,NULL,NULL,NULL,NULL,True
mcdonwe01,0,0,NULL,NULL,NULL,NULL,NULL,NULL,NULL,NULL,NULL,NULL,NULL,False
mcgowbi99,0,0,NULL,NULL,NULL,NULL,NULL,NULL,NULL,NULL,NULL,NULL,NULL,True
mckeoja99,0,0,NULL,NULL,NULL,NULL,NULL,NULL,NULL,NULL,NULL,NULL,NULL,False
mcshejo99,0,0,NULL,NULL,NULL,NULL,NULL,NULL,NULL,NULL,NULL,NULL,NULL,False
mendejo99,0,0,NULL,NULL,NULL,NULL,NULL,NULL,NULL,NULL,NULL,NULL,NULL,True
millema99,0,0,NULL,NULL,NULL,NULL,NULL,NULL,NULL,NULL,NULL,NULL,NULL,True
mooredo02,0,0,NULL,NULL,NULL,NULL,NULL,NULL,NULL,NULL,NULL,NULL,NULL,False
ruperja99,0,0,NULL,NULL,NULL,NULL,NULL,NULL,NULL,NULL,NULL,NULL,NULL,True
santolo99,0,0,NULL,NULL,NULL,NULL,NULL,NULL,NULL,NULL,NULL,NULL,NULL,True
scalege01,0,0,NULL,NULL,NULL,NULL,NULL,NULL,NULL,NULL,NULL,NULL,NULL,False
schurjo99,0,0,NULL,NULL,NULL,NULL,NULL,NULL,NULL,NULL,NULL,NULL,NULL,True
seleefr99,0,0,NULL,NULL,NULL,NULL,NULL,NULL,NULL,NULL,NULL,NULL,NULL,True
seligbu99,0,0,NULL,NULL,NULL,NULL,NULL,NULL,NULL,NULL,NULL,NULL,NULL,True
olougsi99,0,0,NULL,NULL,NULL,NULL,NULL,NULL,NULL,NULL,NULL,NULL,NULL,False
omallwa99,0,0,NULL,NULL,NULL,NULL,NULL,NULL,NULL,NULL,NULL,NULL,NULL,True
omsal01,0,0,NULL,NULL,NULL,NULL,NULL,NULL,NULL,NULL,NULL,NULL,NULL,False
oneilbu01,0,0,NULL,NULL,NULL,NULL,NULL,NULL,NULL,NULL,NULL,NULL,NULL,True
owenspa99,0,0,NULL,NULL,NULL,NULL,NULL,NULL,NULL,NULL,NULL,NULL,NULL,False
pagete01,0,0,NULL,NULL,NULL,NULL,NULL,NULL,NULL,NULL,NULL,NULL,NULL,False
palerst99,0,0,NULL,NULL,NULL,NULL,NULL,NULL,NULL,NULL,NULL,NULL,NULL,False
parnero01,0,0,NULL,NULL,NULL,NULL,NULL,NULL,NULL,NULL,NULL,NULL,NULL,False
paulga99,0,0,NULL,NULL,NULL,NULL,NULL,NULL,NULL,NULL,NULL,NULL,NULL,False
paysojo99,0,0,NULL,NULL,NULL,NULL,NULL,NULL,NULL,NULL,NULL,NULL,NULL,False
perinlo99,0,0,NULL,NULL,NULL,NULL,NULL,NULL,NULL,NULL,NULL,NULL,NULL,False
peterha99,0,0,NULL,NULL,NULL,NULL,NULL,NULL,NULL,NULL,NULL,NULL,NULL,False
polessp01,0,0,NULL,NULL,NULL,NULL,NULL,NULL,NULL,NULL,NULL,NULL,NULL,False
pompeal99,0,0,NULL,NULL,NULL,NULL,NULL,NULL,NULL,NULL,NULL,NULL,NULL,True
poseycu99,0,0,NULL,NULL,NULL,NULL,NULL,NULL,NULL,NULL,NULL,NULL,NULL,True
quinnja99,0,0,NULL,NULL,NULL,NULL,NULL,NULL,NULL,NULL,NULL,NULL,NULL,False
reardbe99,0,0,NULL,NULL,NULL,NULL,NULL,NULL,NULL,NULL,NULL,NULL,NULL,False
reddidi01,0,0,NULL,NULL,NULL,NULL,NULL,NULL,NULL,NULL,NULL,NULL,NULL,False
riglecy99,0,0,NULL,NULL,NULL,NULL,NULL,NULL,NULL,NULL,NULL,NULL,NULL,False
roganbu99,0,0,NULL,NULL,NULL,NULL,NULL,NULL,NULL,NULL,NULL,NULL,NULL,True
sherija99,0,0,NULL,NULL,NULL,NULL,NULL,NULL,NULL,NULL,NULL,NULL,NULL,False
shibebe99,0,0,NULL,NULL,NULL,NULL,NULL,NULL,NULL,NULL,NULL,NULL,NULL,False
smithch11,0,0,NULL,NULL,NULL,NULL,NULL,NULL,NULL,NULL,NULL,NULL,NULL,False
smithhi99,0,0,NULL,NULL,NULL,NULL,NULL,NULL,NULL,NULL,NULL,NULL,NULL,True
somerch99,0,0,NULL,NULL,NULL,NULL,NULL,NULL,NULL,NULL,NULL,NULL,NULL,False
steartu99,0,0,NULL,NULL,NULL,NULL,NULL,NULL,NULL,NULL,NULL,NULL,NULL,True
steinge99,0,0,NULL,NULL,NULL,NULL,NULL,NULL,NULL,NULL,NULL,NULL,NULL,False
stoneho99,0,0,NULL,NULL,NULL,NULL,NULL,NULL,NULL,NULL,NULL,NULL,NULL,False
summebi99,0,0,NULL,NULL,NULL,NULL,NULL,NULL,NULL,NULL,NULL,NULL,NULL,False
suttlmu99,0,0,NULL,NULL,NULL,NULL,NULL,NULL,NULL,NULL,NULL,NULL,NULL,True
tallice99,0,0,NULL,NULL,NULL,NULL,NULL,NULL,NULL,NULL,NULL,NULL,NULL,False
taylobe99,0,0,NULL,NULL,NULL,NULL,NULL,NULL,NULL,NULL,NULL,NULL,NULL,True
tayloca99,0,0,NULL,NULL,NULL,NULL,NULL,NULL,NULL,NULL,NULL,NULL,NULL,False
tayloci99,0,0,NULL,NULL,NULL,NULL,NULL,NULL,NULL,NULL,NULL,NULL,NULL,False
thomacl03,0,0,NULL,NULL,NULL,NULL,NULL,NULL,NULL,NULL,NULL,NULL,NULL,False
torricr99,0,0,NULL,NULL,NULL,NULL,NULL,NULL,NULL,NULL,NULL,NULL,NULL,True
veeckbi99,0,0,NULL,NULL,NULL,NULL,NULL,NULL,NULL,NULL,NULL,NULL,NULL,True
vondech99,0,0,NULL,NULL,NULL,NULL,NULL,NULL,NULL,NULL,NULL,NULL,NULL,False
weaveea99,0,0,NULL,NULL,NULL,NULL,NULL,NULL,NULL,NULL,NULL,NULL,NULL,True
weissge99,0,0,NULL,NULL,NULL,NULL,NULL,NULL,NULL,NULL,NULL,NULL,NULL,True
wellswi99,0,0,NULL,NULL,NULL,NULL,NULL,NULL,NULL,NULL,NULL,NULL,NULL,True
westjo99,0,0,NULL,NULL,NULL,NULL,NULL,NULL,NULL,NULL,NULL,NULL,NULL,False
weyerle99,0,0,NULL,NULL,NULL,NULL,NULL,NULL,NULL,NULL,NULL,NULL,NULL,False
whiteso99,0,0,NULL,NULL,NULL,NULL,NULL,NULL,NULL,NULL,NULL,NULL,NULL,True
wilkijl99,0,0,NULL,NULL,NULL,NULL,NULL,NULL,NULL,NULL,NULL,NULL,NULL,True
willijo99,0,0,NULL,NULL,NULL,NULL,NULL,NULL,NULL,NULL,NULL,NULL,NULL,True
wilsoju99,0,0,NULL,NULL,NULL,NULL,NULL,NULL,NULL,NULL,NULL,NULL,NULL,True
wriglph99,0,0,NULL,NULL,NULL,NULL,NULL,NULL,NULL,NULL,NULL,NULL,NULL,False
yawketo99,0,0,NULL,NULL,NULL,NULL,NULL,NULL,NULL,NULL,NULL,NULL,NULL,True
